token_id,title
0,[PAD]
1,Toy Story (1995)
2,Jumanji (1995)
3,Grumpier Old Men (1995)
4,Waiting to Exhale (1995)
5,Father of the Bride Part II (1995)
6,Heat (1995)
7,Sabrina (1995)
8,Tom and Huck (1995)
9,Sudden Death (1995)
10,GoldenEye (1995)
11,"American President, The (1995)"
12,Dracula: Dead and Loving It (1995)
13,Balto (1995)
14,Nixon (1995)
15,Cutthroat Island (1995)
16,Casino (1995)
17,Sense and Sensibility (1995)
18,Four Rooms (1995)
19,Ace Ventura: When Nature Calls (1995)
20,Money Train (1995)
21,Get Shorty (1995)
22,Copycat (1995)
23,Assassins (1995)
24,Powder (1995)
25,Leaving Las Vegas (1995)
26,Othello (1995)
27,Now and Then (1995)
28,Persuasion (1995)
29,"City of Lost Children, The (1995)"
30,Shanghai Triad (Yao a yao yao dao waipo qiao) (1995)
31,Dangerous Minds (1995)
32,Twelve Monkeys (1995)
33,Babe (1995)
34,Carrington (1995)
35,Dead Man Walking (1995)
36,Across the Sea of Time (1995)
37,It Takes Two (1995)
38,Clueless (1995)
39,"Cry, the Beloved Country (1995)"
40,Richard III (1995)
41,Dead Presidents (1995)
42,Restoration (1995)
43,Mortal Kombat (1995)
44,To Die For (1995)
45,How to Make an American Quilt (1995)
46,Seven (Se7en) (1995)
47,Pocahontas (1995)
48,When Night Is Falling (1995)
49,"Usual Suspects, The (1995)"
50,Mighty Aphrodite (1995)
51,Lamerica (1994)
52,"Big Green, The (1995)"
53,Georgia (1995)
54,Kids of the Round Table (1995)
55,Home for the Holidays (1995)
56,"Postino, Il (The Postman) (1994)"
57,"Confessional, The (Le Confessionnal) (1995)"
58,"Indian in the Cupboard, The (1995)"
59,Eye for an Eye (1996)
60,Mr. Holland's Opus (1995)
61,Don't Be a Menace to South Central While Drinking Your Juice in the Hood (1996)
62,Two if by Sea (1996)
63,Bio-Dome (1996)
64,Lawnmower Man 2: Beyond Cyberspace (1996)
65,French Twist (Gazon maudit) (1995)
66,Friday (1995)
67,From Dusk Till Dawn (1996)
68,Fair Game (1995)
69,Kicking and Screaming (1995)
70,"Misérables, Les (1995)"
71,Bed of Roses (1996)
72,Big Bully (1996)
73,Screamers (1995)
74,Nico Icon (1995)
75,"Crossing Guard, The (1995)"
76,"Juror, The (1996)"
77,"White Balloon, The (Badkonake Sefid ) (1995)"
78,Things to Do in Denver when You're Dead (1995)
79,Antonia's Line (Antonia) (1995)
80,Once Upon a Time... When We Were Colored (1995)
81,Last Summer in the Hamptons (1995)
82,Angels and Insects (1995)
83,White Squall (1996)
84,Dunston Checks In (1996)
85,Black Sheep (1996)
86,Nick of Time (1995)
87,"Journey of August King, The (1995)"
88,Mary Reilly (1996)
89,Vampire in Brooklyn (1995)
90,Beautiful Girls (1996)
91,Broken Arrow (1996)
92,In the Bleak Midwinter (1995)
93,"Hate (Haine, La) (1995)"
94,Shopping (1994)
95,Heidi Fleiss: Hollywood Madam (1995)
96,City Hall (1996)
97,Bottle Rocket (1996)
98,Mr. Wrong (1996)
99,Unforgettable (1996)
100,Happy Gilmore (1996)
101,"Bridges of Madison County, The (1995)"
102,Nobody Loves Me (Keiner liebt mich) (1994)
103,Muppet Treasure Island (1996)
104,Catwalk (1995)
105,Braveheart (1995)
106,Taxi Driver (1976)
107,Rumble in the Bronx (1995)
108,Before and After (1996)
109,Margaret's Museum (1995)
110,Anne Frank Remembered (1995)
111,"Young Poisoner's Handbook, The (1995)"
112,If Lucy Fell (1996)
113,"Steal Big, Steal Little (1995)"
114,"Boys of St. Vincent, The (1993)"
115,Boomerang (1992)
116,Chungking Express (1994)
117,"Star Maker, The (Uomo delle stelle, L') (1995)"
118,Flirting With Disaster (1996)
119,"NeverEnding Story III, The (1994)"
120,Jupiter's Wife (1994)
121,Pie in the Sky (1995)
122,Frankie Starlight (1995)
123,Jade (1995)
124,Down Periscope (1996)
125,From the Journals of Jean Seberg (1995)
126,Man of the Year (1995)
127,Up Close and Personal (1996)
128,"Birdcage, The (1996)"
129,"Brothers McMullen, The (1995)"
130,Bad Boys (1995)
131,"Amazing Panda Adventure, The (1995)"
132,"Basketball Diaries, The (1995)"
133,"Awfully Big Adventure, An (1995)"
134,Amateur (1994)
135,Apollo 13 (1995)
136,Rob Roy (1995)
137,"Addiction, The (1995)"
138,Batman Forever (1995)
139,Belle de jour (1967)
140,Beyond Rangoon (1995)
141,Blue in the Face (1995)
142,Canadian Bacon (1994)
143,Casper (1995)
144,Clockers (1995)
145,Congo (1995)
146,Crimson Tide (1995)
147,Crumb (1994)
148,Desperado (1995)
149,Devil in a Blue Dress (1995)
150,Die Hard: With a Vengeance (1995)
151,"Doom Generation, The (1995)"
152,Feast of July (1995)
153,First Knight (1995)
154,Free Willy 2: The Adventure Home (1995)
155,Hackers (1995)
156,Jeffrey (1995)
157,Johnny Mnemonic (1995)
158,Judge Dredd (1995)
159,Jury Duty (1995)
160,Kids (1995)
161,Living in Oblivion (1995)
162,Lord of Illusions (1995)
163,Love & Human Remains (1993)
164,Mad Love (1995)
165,Mallrats (1995)
166,Mighty Morphin Power Rangers: The Movie (1995)
167,Moonlight and Valentino (1995)
168,Mute Witness (1994)
169,Nadja (1994)
170,"Net, The (1995)"
171,Nine Months (1995)
172,Party Girl (1995)
173,"Prophecy, The (1995)"
174,Reckless (1995)
175,Safe (1995)
176,"Scarlet Letter, The (1995)"
177,Showgirls (1995)
178,Smoke (1995)
179,Something to Talk About (1995)
180,Species (1995)
181,"Stars Fell on Henrietta, The (1995)"
182,Strange Days (1995)
183,"Umbrellas of Cherbourg, The (Parapluies de Cherbourg, Les) (1964)"
184,"Tie That Binds, The (1995)"
185,Three Wishes (1995)
186,Total Eclipse (1995)
187,"To Wong Foo, Thanks for Everything! Julie Newmar (1995)"
188,Under Siege 2: Dark Territory (1995)
189,Unstrung Heroes (1995)
190,Unzipped (1995)
191,"Walk in the Clouds, A (1995)"
192,Waterworld (1995)
193,White Man's Burden (1995)
194,Wild Bill (1995)
195,"Browning Version, The (1994)"
196,Bushwhacked (1995)
197,Burnt By the Sun (Utomlyonnye solntsem) (1994)
198,Before the Rain (Pred dozhdot) (1994)
199,Before Sunrise (1995)
200,Billy Madison (1995)
201,"Babysitter, The (1995)"
202,Boys on the Side (1995)
203,"Cure, The (1995)"
204,Castle Freak (1995)
205,Circle of Friends (1995)
206,Clerks (1994)
207,Don Juan DeMarco (1995)
208,Disclosure (1994)
209,Drop Zone (1994)
210,Destiny Turns on the Radio (1995)
211,Death and the Maiden (1994)
212,Dolores Claiborne (1994)
213,Dumb & Dumber (1994)
214,Eat Drink Man Woman (1994)
215,Exotica (1994)
216,Exit to Eden (1994)
217,Ed Wood (1994)
218,French Kiss (1995)
219,Forget Paris (1995)
220,Far From Home: The Adventures of Yellow Dog (1995)
221,"Goofy Movie, A (1995)"
222,Hideaway (1995)
223,Fluke (1995)
224,Farinelli: il castrato (1994)
225,Gordy (1995)
226,Gumby: The Movie (1995)
227,"Glass Shield, The (1994)"
228,Hoop Dreams (1994)
229,Heavenly Creatures (1994)
230,Houseguest (1994)
231,Immortal Beloved (1994)
232,Heavyweights (1994)
233,"Hunted, The (1995)"
234,I.Q. (1994)
235,Interview with the Vampire (1994)
236,Jefferson in Paris (1995)
237,"Jerky Boys, The (1994)"
238,Junior (1994)
239,Just Cause (1995)
240,"Kid in King Arthur's Court, A (1995)"
241,Kiss of Death (1995)
242,Star Wars: Episode IV - A New Hope (1977)
243,Little Women (1994)
244,"Little Princess, A (1995)"
245,Ladybird Ladybird (1994)
246,"Enfer, L' (1994)"
247,Like Water for Chocolate (Como agua para chocolate) (1992)
248,Legends of the Fall (1994)
249,Major Payne (1994)
250,Little Odessa (1994)
251,My Crazy Life (Mi vida loca) (1993)
252,Love Affair (1994)
253,Losing Isaiah (1995)
254,"Madness of King George, The (1994)"
255,Mary Shelley's Frankenstein (1994)
256,Man of the House (1995)
257,Mixed Nuts (1994)
258,Milk Money (1994)
259,Miracle on 34th Street (1994)
260,Miami Rhapsody (1995)
261,My Family (1995)
262,Murder in the First (1995)
263,Nobody's Fool (1994)
264,Nell (1994)
265,New Jersey Drive (1995)
266,Nina Takes a Lover (1994)
267,Natural Born Killers (1994)
268,Only You (1994)
269,Once Were Warriors (1994)
270,Poison Ivy II (1995)
271,Outbreak (1995)
272,"Professional, The (a.k.a. Leon: The Professional) (1994)"
273,"Perez Family, The (1995)"
274,"Pyromaniac's Love Story, A (1995)"
275,Pulp Fiction (1994)
276,Panther (1995)
277,Pushing Hands (1992)
278,Priest (1994)
279,Quiz Show (1994)
280,Picture Bride (1995)
281,Queen Margot (La Reine Margot) (1994)
282,"Quick and the Dead, The (1995)"
283,Roommates (1995)
284,Ready to Wear (Pret-A-Porter) (1994)
285,Three Colors: Red (1994)
286,Three Colors: Blue (1993)
287,Three Colors: White (1994)
288,"Red Firecracker, Green Firecracker (1994)"
289,Rent-a-Kid (1995)
290,Stuart Saves His Family (1995)
291,"Swan Princess, The (1994)"
292,"Secret of Roan Inish, The (1994)"
293,"Specialist, The (1994)"
294,Stargate (1994)
295,"Santa Clause, The (1994)"
296,"Shawshank Redemption, The (1994)"
297,Shallow Grave (1994)
298,Suture (1993)
299,Strawberry and Chocolate (Fresa y chocolate) (1993)
300,Swimming with Sharks (1995)
301,"Sum of Us, The (1994)"
302,National Lampoon's Senior Trip (1995)
303,To Live (Huozhe) (1994)
304,Tank Girl (1995)
305,Tales From the Crypt Presents: Demon Knight (1995)
306,Star Trek: Generations (1994)
307,Tales from the Hood (1995)
308,Tom & Viv (1994)
309,Village of the Damned (1995)
310,Tommy Boy (1995)
311,Vanya on 42nd Street (1994)
312,"Underneath, The (1995)"
313,"Walking Dead, The (1995)"
314,What's Eating Gilbert Grape (1993)
315,Virtuosity (1995)
316,While You Were Sleeping (1995)
317,"War, The (1994)"
318,Double Happiness (1994)
319,Muriel's Wedding (1994)
320,"Baby-Sitters Club, The (1995)"
321,Ace Ventura: Pet Detective (1994)
322,"Adventures of Priscilla, Queen of the Desert, The (1994)"
323,Backbeat (1993)
324,Bitter Moon (1992)
325,Bullets Over Broadway (1994)
326,Clear and Present Danger (1994)
327,"Client, The (1994)"
328,"Corrina, Corrina (1994)"
329,Crooklyn (1994)
330,"Crow, The (1994)"
331,Cobb (1994)
332,"Flintstones, The (1994)"
333,Forrest Gump (1994)
334,Four Weddings and a Funeral (1994)
335,Higher Learning (1995)
336,I Like It Like That (1994)
337,I Love Trouble (1994)
338,It Could Happen to You (1994)
339,"Jungle Book, The (1994)"
340,"Wonderful, Horrible Life of Leni Riefenstahl, The (Die Macht der Bilder) (1993)"
341,"Lion King, The (1994)"
342,Little Buddha (1993)
343,Wes Craven's New Nightmare (1994)
344,"Mask, The (1994)"
345,Maverick (1994)
346,Mrs. Parker and the Vicious Circle (1994)
347,Naked Gun 33 1/3: The Final Insult (1994)
348,"Paper, The (1994)"
349,Reality Bites (1994)
350,Red Rock West (1992)
351,Richie Rich (1994)
352,Safe Passage (1994)
353,"River Wild, The (1994)"
354,Speed (1994)
355,Speechless (1994)
356,Timecop (1994)
357,True Lies (1994)
358,When a Man Loves a Woman (1994)
359,Wolf (1994)
360,Wyatt Earp (1994)
361,Bad Company (1995)
362,"Man of No Importance, A (1994)"
363,S.F.W. (1994)
364,"Low Down Dirty Shame, A (1994)"
365,Boys Life (1995)
366,"Colonel Chabert, Le (1994)"
367,Faster Pussycat! Kill! Kill! (1965)
368,Jason's Lyric (1994)
369,"Secret Adventures of Tom Thumb, The (1993)"
370,Street Fighter (1994)
371,Coldblooded (1995)
372,"Fear, The (1995)"
373,Highlander III: The Sorcerer (1994)
374,Federal Hill (1994)
375,In the Mouth of Madness (1995)
376,8 Seconds (1994)
377,Above the Rim (1994)
378,Addams Family Values (1993)
379,You So Crazy (1994)
380,"Age of Innocence, The (1993)"
381,Airheads (1994)
382,"Air Up There, The (1994)"
383,Another Stakeout (1993)
384,Bad Girls (1994)
385,Barcelona (1994)
386,Being Human (1993)
387,"Beverly Hillbillies, The (1993)"
388,Beverly Hills Cop III (1994)
389,Black Beauty (1994)
390,Blink (1994)
391,Blown Away (1994)
392,Blue Chips (1994)
393,Blue Sky (1994)
394,Body Snatchers (1993)
395,Boxing Helena (1993)
396,"Bronx Tale, A (1993)"
397,Cabin Boy (1994)
398,Calendar Girl (1993)
399,Carlito's Way (1993)
400,City Slickers II: The Legend of Curly's Gold (1994)
401,Clean Slate (1994)
402,Cliffhanger (1993)
403,Coneheads (1993)
404,Color of Night (1994)
405,Cops and Robbersons (1994)
406,"Cowboy Way, The (1994)"
407,Dave (1993)
408,Dazed and Confused (1993)
409,Demolition Man (1993)
410,"Endless Summer 2, The (1994)"
411,Even Cowgirls Get the Blues (1993)
412,Fatal Instinct (1993)
413,Farewell My Concubine (1993)
414,"Favor, The (1994)"
415,Fearless (1993)
416,Fear of a Black Hat (1993)
417,With Honors (1994)
418,Flesh and Bone (1993)
419,Widows' Peak (1994)
420,For Love or Money (1993)
421,"Firm, The (1993)"
422,Free Willy (1993)
423,Fresh (1994)
424,"Fugitive, The (1993)"
425,Geronimo: An American Legend (1993)
426,"Getaway, The (1994)"
427,Getting Even with Dad (1994)
428,Go Fish (1994)
429,"Good Man in Africa, A (1994)"
430,Guilty as Sin (1993)
431,Hard Target (1993)
432,Heaven & Earth (1993)
433,Hot Shots! Part Deux (1993)
434,Live Nude Girls (1995)
435,"Englishman Who Went Up a Hill, But Came Down a Mountain, The (1995)"
436,"House of the Spirits, The (1993)"
437,House Party 3 (1994)
438,"Hudsucker Proxy, The (1994)"
439,I'll Do Anything (1994)
440,In the Army Now (1994)
441,In the Line of Fire (1993)
442,In the Name of the Father (1993)
443,"Inkwell, The (1994)"
444,What's Love Got to Do with It? (1993)
445,Jimmy Hollywood (1994)
446,Judgment Night (1993)
447,Jurassic Park (1993)
448,Kalifornia (1993)
449,Killing Zoe (1994)
450,King of the Hill (1993)
451,Lassie (1994)
452,Last Action Hero (1993)
453,Life with Mikey (1993)
454,Lightning Jack (1994)
455,M. Butterfly (1993)
456,Made in America (1993)
457,Malice (1993)
458,"Man Without a Face, The (1993)"
459,Manhattan Murder Mystery (1993)
460,Menace II Society (1993)
461,Executive Decision (1996)
462,In the Realm of the Senses (Ai no corrida) (1976)
463,What Happened Was... (1994)
464,Much Ado About Nothing (1993)
465,Mr. Jones (1993)
466,Mr. Wonderful (1993)
467,Mrs. Doubtfire (1993)
468,Naked (1993)
469,"Next Karate Kid, The (1994)"
470,"New Age, The (1994)"
471,No Escape (1994)
472,North (1994)
473,Orlando (1993)
474,"Perfect World, A (1993)"
475,Philadelphia (1993)
476,"Piano, The (1993)"
477,Poetic Justice (1993)
478,"Program, The (1993)"
479,Robert A. Heinlein's The Puppet Masters (1994)
480,Radioland Murders (1994)
481,"Ref, The (1994)"
482,"Remains of the Day, The (1993)"
483,Renaissance Man (1994)
484,Rising Sun (1993)
485,"Road to Wellville, The (1994)"
486,Robocop 3 (1993)
487,Robin Hood: Men in Tights (1993)
488,Romeo Is Bleeding (1993)
489,Romper Stomper (1992)
490,Ruby in Paradise (1993)
491,Rudy (1993)
492,"Saint of Fort Washington, The (1993)"
493,"Savage Nights (Nuits fauves, Les) (1992)"
494,Schindler's List (1993)
495,"Scout, The (1994)"
496,Searching for Bobby Fischer (1993)
497,"Secret Garden, The (1993)"
498,Serial Mom (1994)
499,"Shadow, The (1994)"
500,Shadowlands (1993)
501,Short Cuts (1993)
502,"Simple Twist of Fate, A (1994)"
503,Sirens (1994)
504,Six Degrees of Separation (1993)
505,Sleepless in Seattle (1993)
506,Sliver (1993)
507,Blade Runner (1982)
508,Son in Law (1993)
509,So I Married an Axe Murderer (1993)
510,Striking Distance (1993)
511,Super Mario Bros. (1993)
512,Surviving the Game (1994)
513,Terminal Velocity (1994)
514,Thirty-Two Short Films About Glenn Gould (1993)
515,Threesome (1994)
516,"Nightmare Before Christmas, The (1993)"
517,"Three Musketeers, The (1993)"
518,Tombstone (1993)
519,Trial by Jury (1994)
520,True Romance (1993)
521,"War Room, The (1993)"
522,"Pagemaster, The (1994)"
523,"Paris, France (1993)"
524,"Beans of Egypt, Maine, The (1994)"
525,Killer (Bulletproof Heart) (1994)
526,Welcome to the Dollhouse (1995)
527,Germinal (1993)
528,Chasers (1994)
529,Cronos (1992)
530,Naked in New York (1994)
531,Kika (1993)
532,Bhaji on the Beach (1993)
533,Little Big League (1994)
534,"Slingshot, The (Kådisbellan ) (1993)"
535,"Wedding Gift, The (1994)"
536,"Ciao, Professore! (Io speriamo che me la cavo ) (1993)"
537,Spanking the Monkey (1994)
538,"Little Rascals, The (1994)"
539,Andre (1994)
540,Princess Caraboo (1994)
541,"Celluloid Closet, The (1995)"
542,Dear Diary (Caro Diario) (1994)
543,"Brady Bunch Movie, The (1995)"
544,Home Alone (1990)
545,Ghost (1990)
546,Aladdin (1992)
547,Terminator 2: Judgment Day (1991)
548,Dances with Wolves (1990)
549,Batman (1989)
550,"Silence of the Lambs, The (1991)"
551,Snow White and the Seven Dwarfs (1937)
552,Beauty and the Beast (1991)
553,Pinocchio (1940)
554,Pretty Woman (1990)
555,Window to Paris (1994)
556,"Wild Bunch, The (1969)"
557,Love and a .45 (1994)
558,"Great Day in Harlem, A (1994)"
559,"Bye Bye, Love (1995)"
560,One Fine Day (1996)
561,Candyman: Farewell to the Flesh (1995)
562,Fargo (1996)
563,Homeward Bound II: Lost in San Francisco (1996)
564,Heavy Metal (1981)
565,Hellraiser: Bloodline (1996)
566,"Pallbearer, The (1996)"
567,Jane Eyre (1996)
568,Loaded (1994)
569,Bread and Chocolate (Pane e cioccolata) (1973)
570,"Aristocats, The (1970)"
571,"Flower of My Secret, The (La Flor de Mi Secreto) (1995)"
572,Two Much (1996)
573,Ed (1996)
574,My Favorite Season (1993)
575,"Thin Line Between Love and Hate, A (1996)"
576,"Last Supper, The (1995)"
577,Primal Fear (1996)
578,Carried Away (1996)
579,All Dogs Go to Heaven 2 (1996)
580,Land and Freedom (Tierra y libertad) (1995)
581,Denise Calls Up (1995)
582,"Family Thing, A (1996)"
583,Sgt. Bilko (1996)
584,Jack and Sarah (1995)
585,Girl 6 (1996)
586,Diabolique (1996)
587,Nelly & Monsieur Arnaud (1995)
588,Courage Under Fire (1996)
589,Mission: Impossible (1996)
590,Cold Fever (Á köldum klaka) (1994)
591,Moll Flanders (1996)
592,"301, 302 (1995)"
593,Dragonheart (1996)
594,Eddie (1996)
595,Purple Noon (1960)
596,James and the Giant Peach (1996)
597,Fear (1996)
598,Kids in the Hall: Brain Candy (1996)
599,Faithful (1996)
600,Underground (1995)
601,Bloodsport 2 (1995)
602,Pather Panchali (1955)
603,Aparajito (1956)
604,"World of Apu, The (Apur Sansar) (1959)"
605,Mystery Science Theater 3000: The Movie (1996)
606,Space Jam (1996)
607,Barbarella (1968)
608,Some Folks Call It a Sling Blade (1993)
609,Alphaville (1965)
610,Clean Slate (Coup de Torchon) (1981)
611,It's My Party (1995)
612,Operation Dumbo Drop (1995)
613,Mrs. Winterbourne (1996)
614,Solo (1996)
615,"Substitute, The (1996)"
616,True Crime (1995)
617,Feeling Minnesota (1996)
618,Delta of Venus (1994)
619,Angus (1995)
620,Faces (1968)
621,Boys (1996)
622,"Quest, The (1996)"
623,Cosi (1996)
624,Mulholland Falls (1996)
625,"Truth About Cats & Dogs, The (1996)"
626,Oliver & Company (1988)
627,Celtic Pride (1996)
628,Flipper (1996)
629,Dead Man (1995)
630,"Horseman on the Roof, The (Hussard sur le toit, Le) (1995)"
631,Switchblade Sisters (1975)
632,"Visitors, The (Les Visiteurs) (1993)"
633,Multiplicity (1996)
634,Wallace & Gromit: The Best of Aardman Animation (1996)
635,"Haunted World of Edward D. Wood Jr., The (1995)"
636,"Craft, The (1996)"
637,"Great White Hype, The (1996)"
638,Last Dance (1996)
639,Cold Comfort Farm (1995)
640,Heaven's Prisoners (1996)
641,Original Gangstas (1996)
642,"Rock, The (1996)"
643,Cemetery Man (Dellamorte Dellamore) (1994)
644,Twister (1996)
645,Barb Wire (1996)
646,Ghost in the Shell (Kokaku kidotai) (1995)
647,Thinner (1996)
648,Spy Hard (1996)
649,"Close Shave, A (1995)"
650,Force of Evil (1948)
651,"Stupids, The (1996)"
652,"Arrival, The (1996)"
653,Dr. Strangelove or: How I Learned to Stop Worrying and Love the Bomb (1963)
654,Careful (1992)
655,"Month by the Lake, A (1995)"
656,Gold Diggers: The Secret of Bear Mountain (1995)
657,Kim (1950)
658,Maya Lin: A Strong Clear Vision (1994)
659,Stalingrad (1993)
660,"Phantom, The (1996)"
661,Striptease (1996)
662,Heavy (1995)
663,Jack (1996)
664,I Shot Andy Warhol (1996)
665,"Grass Harp, The (1995)"
666,Marlene Dietrich: Shadow and Light (1996)
667,"Vie est belle, La (Life is Rosey) (1987)"
668,Spirits of the Dead (Tre Passi nel Delirio) (1968)
669,Trainspotting (1996)
670,'Til There Was You (1997)
671,Independence Day (ID4) (1996)
672,Stealing Beauty (1996)
673,"Fan, The (1996)"
674,"Hunchback of Notre Dame, The (1996)"
675,"Cable Guy, The (1996)"
676,Kingpin (1996)
677,Eraser (1996)
678,"Nutty Professor, The (1996)"
679,My Life and Times With Antonin Artaud (En compagnie d'Antonin Artaud) (1993)
680,Daylight (1996)
681,"Frighteners, The (1996)"
682,Lone Star (1996)
683,Harriet the Spy (1996)
684,Phenomenon (1996)
685,Walking and Talking (1996)
686,She's the One (1996)
687,"Time to Kill, A (1996)"
688,American Buffalo (1996)
689,"Rendezvous in Paris (Rendez-vous de Paris, Les) (1995)"
690,Alaska (1996)
691,Fled (1996)
692,Kazaam (1996)
693,"Bewegte Mann, Der (1994)"
694,Larger Than Life (1996)
695,Power 98 (1995)
696,"Very Brady Sequel, A (1996)"
697,Kaspar Hauser (1993)
698,"Adventures of Pinocchio, The (1996)"
699,Joe's Apartment (1996)
700,"First Wives Club, The (1996)"
701,Stonewall (1995)
702,Ransom (1996)
703,High School High (1996)
704,Foxfire (1996)
705,Chain Reaction (1996)
706,Matilda (1996)
707,Emma (1996)
708,"Crow: City of Angels, The (1996)"
709,House Arrest (1996)
710,Eyes Without a Face (1959)
711,Tales from the Crypt Presents: Bordello of Blood (1996)
712,"Story of Xinghua, The (1993)"
713,Flirt (1995)
714,"Big Squeeze, The (1996)"
715,"Spitfire Grill, The (1996)"
716,Escape from L.A. (1996)
717,Cyclo (1995)
718,Basquiat (1996)
719,Tin Cup (1996)
720,"Ballad of Narayama, The (Narayama Bushiko) (1958)"
721,"Godfather, The (1972)"
722,"Maybe, Maybe Not (Bewegte Mann, Der) (1994)"
723,Supercop (1992)
724,Manny & Lo (1996)
725,Celestial Clockwork (1994)
726,"Wife, The (1995)"
727,Bound (1996)
728,Carpool (1996)
729,Kansas City (1996)
730,Gone Fishin' (1997)
731,Killer: A Journal of Murder (1995)
732,Nothing to Lose (1994)
733,Police Story 4: Project S (Chao ji ji hua) (1993)
734,Girls Town (1996)
735,"Relic, The (1997)"
736,"Island of Dr. Moreau, The (1996)"
737,First Kid (1996)
738,"Trigger Effect, The (1996)"
739,Bogus (1996)
740,Bulletproof (1996)
741,Land Before Time III: The Time of the Great Giving (1995)
742,Halloween: The Curse of Michael Myers (1995)
743,Twelfth Night (1996)
744,Mother Night (1996)
745,Wild Reeds (1994)
746,For Whom the Bell Tolls (1943)
747,"Philadelphia Story, The (1940)"
748,Singin' in the Rain (1952)
749,"American in Paris, An (1951)"
750,Funny Face (1957)
751,Breakfast at Tiffany's (1961)
752,Vertigo (1958)
753,Rear Window (1954)
754,It Happened One Night (1934)
755,Gaslight (1944)
756,"Gay Divorcee, The (1934)"
757,North by Northwest (1959)
758,"Apartment, The (1960)"
759,Some Like It Hot (1959)
760,Charade (1963)
761,Casablanca (1942)
762,"Maltese Falcon, The (1941)"
763,My Fair Lady (1964)
764,Sabrina (1954)
765,Roman Holiday (1953)
766,"Little Princess, The (1939)"
767,Meet Me in St. Louis (1944)
768,"Wizard of Oz, The (1939)"
769,Gone with the Wind (1939)
770,My Favorite Year (1982)
771,Sunset Blvd. (a.k.a. Sunset Boulevard) (1950)
772,Citizen Kane (1941)
773,2001: A Space Odyssey (1968)
774,Golden Earrings (1947)
775,All About Eve (1950)
776,"Women, The (1939)"
777,Rebecca (1940)
778,Foreign Correspondent (1940)
779,Notorious (1946)
780,Spellbound (1945)
781,"Affair to Remember, An (1957)"
782,To Catch a Thief (1955)
783,Father of the Bride (1950)
784,"Band Wagon, The (1953)"
785,Ninotchka (1939)
786,Love in the Afternoon (1957)
787,Gigi (1958)
788,"Reluctant Debutante, The (1958)"
789,"Adventures of Robin Hood, The (1938)"
790,"Mark of Zorro, The (1940)"
791,Laura (1944)
792,"Ghost and Mrs. Muir, The (1947)"
793,Lost Horizon (1937)
794,Top Hat (1935)
795,To Be or Not to Be (1942)
796,My Man Godfrey (1936)
797,Giant (1956)
798,East of Eden (1955)
799,"Thin Man, The (1934)"
800,His Girl Friday (1940)
801,Around the World in 80 Days (1956)
802,It's a Wonderful Life (1946)
803,Mr. Smith Goes to Washington (1939)
804,Bringing Up Baby (1938)
805,Penny Serenade (1941)
806,"Scarlet Letter, The (1926)"
807,Lady of Burlesque (1943)
808,Of Human Bondage (1934)
809,Angel on My Shoulder (1946)
810,Little Lord Fauntleroy (1936)
811,They Made Me a Criminal (1939)
812,"Inspector General, The (1949)"
813,Angel and the Badman (1947)
814,"39 Steps, The (1935)"
815,"Walk in the Sun, A (1945)"
816,"Outlaw, The (1943)"
817,Night of the Living Dead (1968)
818,"African Queen, The (1951)"
819,Beat the Devil (1954)
820,Cat on a Hot Tin Roof (1958)
821,"Last Time I Saw Paris, The (1954)"
822,Meet John Doe (1941)
823,Algiers (1938)
824,"Farewell to Arms, A (1932)"
825,"Blue Angel, The (Blaue Engel, Der) (1930)"
826,In the Line of Duty 2 (1987)
827,Picnic (1955)
828,"Pompatus of Love, The (1996)"
829,Fly Away Home (1996)
830,Bliss (1997)
831,Grace of My Heart (1996)
832,Maximum Risk (1996)
833,Michael Collins (1996)
834,"Rich Man's Wife, The (1996)"
835,Infinity (1996)
836,Big Night (1996)
837,Last Man Standing (1996)
838,Caught (1996)
839,Set It Off (1996)
840,2 Days in the Valley (1996)
841,Curdled (1996)
842,Ed's Next Move (1996)
843,Extreme Measures (1996)
844,"Glimmer Man, The (1996)"
845,D3: The Mighty Ducks (1996)
846,"Chamber, The (1996)"
847,"Apple Dumpling Gang, The (1975)"
848,"Davy Crockett, King of the Wild Frontier (1955)"
849,Escape to Witch Mountain (1975)
850,"Love Bug, The (1969)"
851,Herbie Rides Again (1974)
852,Old Yeller (1957)
853,"Parent Trap, The (1961)"
854,Pollyanna (1960)
855,Homeward Bound: The Incredible Journey (1993)
856,"Shaggy Dog, The (1959)"
857,Swiss Family Robinson (1960)
858,That Darn Cat! (1965)
859,"20,000 Leagues Under the Sea (1954)"
860,Cool Runnings (1993)
861,Angels in the Outfield (1994)
862,Cinderella (1950)
863,Winnie the Pooh and the Blustery Day (1968)
864,"Three Caballeros, The (1945)"
865,"Sword in the Stone, The (1963)"
866,So Dear to My Heart (1949)
867,Robin Hood: Prince of Thieves (1991)
868,Mary Poppins (1964)
869,Dumbo (1941)
870,Pete's Dragon (1977)
871,Bedknobs and Broomsticks (1971)
872,Alice in Wonderland (1951)
873,"Fox and the Hound, The (1981)"
874,Freeway (1996)
875,"Sound of Music, The (1965)"
876,Die Hard (1988)
877,"Lawnmower Man, The (1992)"
878,Unhook the Stars (1996)
879,"Secret Agent, The (1996)"
880,Secrets & Lies (1996)
881,That Thing You Do! (1996)
882,To Gillian on Her 37th Birthday (1996)
883,Surviving Picasso (1996)
884,Beautiful Thing (1996)
885,"Long Kiss Goodnight, The (1996)"
886,"Ghost and the Darkness, The (1996)"
887,Looking for Richard (1996)
888,Trees Lounge (1996)
889,Normal Life (1996)
890,Get on the Bus (1996)
891,Shadow Conspiracy (1997)
892,Jude (1996)
893,Everyone Says I Love You (1996)
894,Bitter Sugar (Azucar Amargo) (1996)
895,William Shakespeare's Romeo and Juliet (1996)
896,Swingers (1996)
897,Sleepers (1996)
898,Johns (1996)
899,Aladdin and the King of Thieves (1996)
900,Shall We Dance? (1937)
901,"Damsel in Distress, A (1937)"
902,Crossfire (1947)
903,"Murder, My Sweet (1944)"
904,For the Moment (1994)
905,Willy Wonka and the Chocolate Factory (1971)
906,"Innocents, The (1961)"
907,Sleeper (1973)
908,Bananas (1971)
909,"Fish Called Wanda, A (1988)"
910,Monty Python's Life of Brian (1979)
911,Victor/Victoria (1982)
912,"Candidate, The (1972)"
913,"Great Race, The (1965)"
914,Bonnie and Clyde (1967)
915,"Old Man and the Sea, The (1958)"
916,Dial M for Murder (1954)
917,Madame Butterfly (1995)
918,Dirty Dancing (1987)
919,Reservoir Dogs (1992)
920,Platoon (1986)
921,Weekend at Bernie's (1989)
922,Basic Instinct (1992)
923,"Doors, The (1991)"
924,"Crying Game, The (1992)"
925,Glengarry Glen Ross (1992)
926,Sophie's Choice (1982)
927,E.T. the Extra-Terrestrial (1982)
928,"Search for One-eye Jimmy, The (1996)"
929,"Christmas Carol, A (1938)"
930,Days of Thunder (1990)
931,Top Gun (1986)
932,Rebel Without a Cause (1955)
933,"Streetcar Named Desire, A (1951)"
934,Children of the Corn IV: The Gathering (1996)
935,Microcosmos (Microcosmos: Le peuple de l'herbe) (1996)
936,Palookaville (1996)
937,"Associate, The (1996)"
938,"Funeral, The (1996)"
939,"Single Girl, A (La Fille Seule) (1995)"
940,"Eighth Day, The (Le Huitième jour ) (1996)"
941,Drunks (1997)
942,"People vs. Larry Flynt, The (1996)"
943,Glory Daze (1996)
944,"Perfect Candidate, A (1996)"
945,On Golden Pond (1981)
946,"Return of the Pink Panther, The (1974)"
947,Drop Dead Fred (1991)
948,"Abyss, The (1989)"
949,"Fog, The (1980)"
950,Escape from New York (1981)
951,"Howling, The (1980)"
952,Jean de Florette (1986)
953,Manon of the Spring (Manon des sources) (1986)
954,Private Benjamin (1980)
955,Monty Python and the Holy Grail (1974)
956,Dadetown (1995)
957,"Line King: Al Hirschfeld, The (1996)"
958,When We Were Kings (1996)
959,"Wrong Trousers, The (1993)"
960,"Return of Martin Guerre, The (Retour de Martin Guerre, Le) (1982)"
961,Faust (1994)
962,He Walked by Night (1948)
963,Raw Deal (1948)
964,T-Men (1947)
965,Six of a Kind (1934)
966,"Tin Drum, The (Blechtrommel, Die) (1979)"
967,"Ruling Class, The (1972)"
968,Mina Tannenbaum (1994)
969,Two or Three Things I Know About Her (1966)
970,Dear God (1996)
971,Bad Moon (1996)
972,American Dream (1990)
973,Best of the Best 3: No Turning Back (1995)
974,Bob Roberts (1992)
975,Cinema Paradiso (1988)
976,"Cook the Thief His Wife & Her Lover, The (1989)"
977,Grosse Fatigue (1994)
978,Delicatessen (1991)
979,"Double Life of Veronique, The (La Double Vie de Véronique) (1991)"
980,Enchanted April (1991)
981,Paths of Glory (1957)
982,"Grifters, The (1990)"
983,Hear My Song (1991)
984,"Shooter, The (1995)"
985,"English Patient, The (1996)"
986,Mediterraneo (1991)
987,My Left Foot (1989)
988,"Sex, Lies, and Videotape (1989)"
989,Passion Fish (1992)
990,Strictly Ballroom (1992)
991,"Thin Blue Line, The (1988)"
992,Tie Me Up! Tie Me Down! (1990)
993,Madonna: Truth or Dare (1991)
994,Paris Is Burning (1990)
995,One Flew Over the Cuckoo's Nest (1975)
996,Up in Smoke (1978)
997,Star Wars: Episode V - The Empire Strikes Back (1980)
998,"Princess Bride, The (1987)"
999,Raiders of the Lost Ark (1981)
1000,Brazil (1985)
1001,Aliens (1986)
1002,"Good, The Bad and The Ugly, The (1966)"
1003,Withnail and I (1987)
1004,12 Angry Men (1957)
1005,Lawrence of Arabia (1962)
1006,"Transformers: The Movie, The (1986)"
1007,"Clockwork Orange, A (1971)"
1008,To Kill a Mockingbird (1962)
1009,Apocalypse Now (1979)
1010,Once Upon a Time in the West (1969)
1011,Star Wars: Episode VI - Return of the Jedi (1983)
1012,Wings of Desire (Der Himmel über Berlin) (1987)
1013,"Third Man, The (1949)"
1014,GoodFellas (1990)
1015,Alien (1979)
1016,Army of Darkness (1993)
1017,"Big Blue, The (Le Grand Bleu) (1988)"
1018,Ran (1985)
1019,"Killer, The (Die xue shuang xiong) (1989)"
1020,Psycho (1960)
1021,"Blues Brothers, The (1980)"
1022,"Godfather: Part II, The (1974)"
1023,Full Metal Jacket (1987)
1024,"Grand Day Out, A (1992)"
1025,Henry V (1989)
1026,Amadeus (1984)
1027,"Quiet Man, The (1952)"
1028,Once Upon a Time in America (1984)
1029,Raging Bull (1980)
1030,Annie Hall (1977)
1031,"Right Stuff, The (1983)"
1032,Stalker (1979)
1033,"Boat, The (Das Boot) (1981)"
1034,"Sting, The (1973)"
1035,Harold and Maude (1971)
1036,Trust (1990)
1037,"Seventh Seal, The (Sjunde inseglet, Det) (1957)"
1038,Local Hero (1983)
1039,"Terminator, The (1984)"
1040,Braindead (1992)
1041,Glory (1989)
1042,Rosencrantz and Guildenstern Are Dead (1990)
1043,Manhattan (1979)
1044,Miller's Crossing (1990)
1045,Dead Poets Society (1989)
1046,"Graduate, The (1967)"
1047,Touch of Evil (1958)
1048,Nikita (La Femme Nikita) (1990)
1049,"Bridge on the River Kwai, The (1957)"
1050,8 1/2 (1963)
1051,Chinatown (1974)
1052,"Day the Earth Stood Still, The (1951)"
1053,"Treasure of the Sierra Madre, The (1948)"
1054,Bad Taste (1987)
1055,Duck Soup (1933)
1056,Better Off Dead... (1985)
1057,"Shining, The (1980)"
1058,Stand by Me (1986)
1059,M (1931)
1060,Evil Dead II (Dead By Dawn) (1987)
1061,"Great Escape, The (1963)"
1062,"Deer Hunter, The (1978)"
1063,Diva (1981)
1064,Groundhog Day (1993)
1065,Unforgiven (1992)
1066,"Manchurian Candidate, The (1962)"
1067,Pump Up the Volume (1990)
1068,Arsenic and Old Lace (1944)
1069,Back to the Future (1985)
1070,Fried Green Tomatoes (1991)
1071,Patton (1970)
1072,Down by Law (1986)
1073,Akira (1988)
1074,Highlander (1986)
1075,Cool Hand Luke (1967)
1076,Cyrano de Bergerac (1990)
1077,Young Frankenstein (1974)
1078,Night on Earth (1991)
1079,Raise the Red Lantern (1991)
1080,"Great Dictator, The (1940)"
1081,Fantasia (1940)
1082,High Noon (1952)
1083,"Big Sleep, The (1946)"
1084,Heathers (1989)
1085,Somewhere in Time (1980)
1086,Ben-Hur (1959)
1087,This Is Spinal Tap (1984)
1088,Koyaanisqatsi (1983)
1089,Some Kind of Wonderful (1987)
1090,Indiana Jones and the Last Crusade (1989)
1091,Being There (1979)
1092,Gandhi (1982)
1093,M*A*S*H (1970)
1094,"Unbearable Lightness of Being, The (1988)"
1095,"Room with a View, A (1986)"
1096,Real Genius (1985)
1097,Pink Floyd - The Wall (1982)
1098,"Killing Fields, The (1984)"
1099,My Life as a Dog (Mitt liv som hund) (1985)
1100,Forbidden Planet (1956)
1101,Field of Dreams (1989)
1102,"Man Who Would Be King, The (1975)"
1103,Butch Cassidy and the Sundance Kid (1969)
1104,"Paris, Texas (1984)"
1105,Until the End of the World (Bis ans Ende der Welt) (1991)
1106,When Harry Met Sally... (1989)
1107,Hype! (1996)
1108,Santa with Muscles (1996)
1109,Female Perversions (1996)
1110,Mad Dog Time (1996)
1111,I'm Not Rappaport (1996)
1112,Alien³ (1992)
1113,"American Werewolf in London, An (1981)"
1114,Amityville 1992: It's About Time (1992)
1115,Amityville 3-D (1983)
1116,Amityville: Dollhouse (1996)
1117,Amityville: A New Generation (1993)
1118,Amityville II: The Possession (1982)
1119,"Amityville Horror, The (1979)"
1120,"Amityville Curse, The (1990)"
1121,Blood For Dracula (Andy Warhol's Dracula) (1974)
1122,April Fool's Day (1986)
1123,Audrey Rose (1977)
1124,"Believers, The (1987)"
1125,"Birds, The (1963)"
1126,"Blob, The (1958)"
1127,Blood Beach (1981)
1128,Body Parts (1991)
1129,"Body Snatcher, The (1945)"
1130,Bram Stoker's Dracula (1992)
1131,Bride of Frankenstein (1935)
1132,Burnt Offerings (1976)
1133,Candyman (1992)
1134,Cape Fear (1991)
1135,Cape Fear (1962)
1136,Carrie (1976)
1137,Cat People (1982)
1138,"Nightmare on Elm Street, A (1984)"
1139,"Nosferatu (Nosferatu, eine Symphonie des Grauens) (1922)"
1140,Nosferatu a Venezia (1986)
1141,"Omen, The (1976)"
1142,Blood & Wine (1997)
1143,Albino Alligator (1996)
1144,"Mirror Has Two Faces, The (1996)"
1145,Breaking the Waves (1996)
1146,Nightwatch (1997)
1147,Star Trek: First Contact (1996)
1148,Shine (1996)
1149,Sling Blade (1996)
1150,Jingle All the Way (1996)
1151,Paradise Lost: The Child Murders at Robin Hood Hills (1996)
1152,"Garden of Finzi-Contini, The (Giardino dei Finzi-Contini, Il) (1970)"
1153,"Preacher's Wife, The (1996)"
1154,Ridicule (1996)
1155,"Crucible, The (1996)"
1156,101 Dalmatians (1996)
1157,I Can't Sleep (J'ai pas sommeil) (1994)
1158,Die Hard 2 (1990)
1159,Star Trek: The Motion Picture (1979)
1160,Star Trek VI: The Undiscovered Country (1991)
1161,Star Trek V: The Final Frontier (1989)
1162,Star Trek: The Wrath of Khan (1982)
1163,Star Trek III: The Search for Spock (1984)
1164,Star Trek IV: The Voyage Home (1986)
1165,Batman Returns (1992)
1166,Young Guns (1988)
1167,Young Guns II (1990)
1168,Grease (1978)
1169,Grease 2 (1982)
1170,Marked for Death (1990)
1171,Adrenalin: Fear the Rush (1996)
1172,"Substance of Fire, The (1996)"
1173,Under Siege (1992)
1174,Jaws (1975)
1175,Jaws 2 (1978)
1176,Jaws 3-D (1983)
1177,My Fellow Americans (1996)
1178,Mars Attacks! (1996)
1179,Citizen Ruth (1996)
1180,Jerry Maguire (1996)
1181,Raising Arizona (1987)
1182,Tin Men (1987)
1183,Sneakers (1992)
1184,Bastard Out of Carolina (1996)
1185,In Love and War (1996)
1186,Marvin's Room (1996)
1187,Ghosts of Mississippi (1996)
1188,Night Falls on Manhattan (1997)
1189,Beavis and Butt-head Do America (1996)
1190,"Cérémonie, La (1995)"
1191,Scream (1996)
1192,"Last of the Mohicans, The (1992)"
1193,Michael (1996)
1194,"Evening Star, The (1996)"
1195,Hamlet (1996)
1196,Some Mother's Son (1996)
1197,"Whole Wide World, The (1996)"
1198,Mother (1996)
1199,"Thieves (Voleurs, Les) (1996)"
1200,Evita (1996)
1201,"Portrait of a Lady, The (1996)"
1202,Walkabout (1971)
1203,Message to Love: The Isle of Wight Festival (1996)
1204,Grateful Dead (1995)
1205,Murder at 1600 (1997)
1206,Hearts and Minds (1996)
1207,Fierce Creatures (1997)
1208,Zeus and Roxanne (1997)
1209,Turbulence (1997)
1210,Angel Baby (1995)
1211,Jackie Chan's First Strike (1996)
1212,Beverly Hills Ninja (1997)
1213,Metro (1997)
1214,"Machine, The (1994)"
1215,Falling in Love Again (1980)
1216,"Cement Garden, The (1993)"
1217,Dante's Peak (1997)
1218,Meet Wally Sparks (1997)
1219,Amos & Andrew (1993)
1220,Benny & Joon (1993)
1221,Prefontaine (1997)
1222,Guantanamera (1994)
1223,McHale's Navy (1997)
1224,Kolya (1996)
1225,Gridlock'd (1997)
1226,Waiting for Guffman (1996)
1227,Prisoner of the Mountains (Kavkazsky Plennik) (1996)
1228,"Beautician and the Beast, The (1997)"
1229,SubUrbia (1997)
1230,Hotel de Love (1996)
1231,"Pest, The (1997)"
1232,Fools Rush In (1997)
1233,Touch (1997)
1234,Absolute Power (1997)
1235,That Darn Cat! (1997)
1236,Vegas Vacation (1997)
1237,That Old Feeling (1997)
1238,Lost Highway (1997)
1239,Rosewood (1997)
1240,Donnie Brasco (1997)
1241,Booty Call (1997)
1242,Boys Life 2 (1997)
1243,City of Industry (1997)
1244,Best Men (1997)
1245,Jungle2Jungle (a.k.a. Jungle 2 Jungle) (1997)
1246,Kama Sutra: A Tale of Love (1996)
1247,Private Parts (1997)
1248,Love Jones (1997)
1249,"Saint, The (1997)"
1250,Smilla's Sense of Snow (1997)
1251,"Van, The (1996)"
1252,Crash (1996)
1253,"Daytrippers, The (1996)"
1254,Liar Liar (1997)
1255,"Quiet Room, The (1996)"
1256,Selena (1997)
1257,"Devil's Own, The (1997)"
1258,Cats Don't Dance (1997)
1259,B*A*P*S (1997)
1260,Love and Other Catastrophes (1996)
1261,"Sixth Man, The (1997)"
1262,Turbo: A Power Rangers Movie (1997)
1263,Anna Karenina (1997)
1264,Double Team (1997)
1265,Inventing the Abbotts (1997)
1266,Anaconda (1997)
1267,Grosse Pointe Blank (1997)
1268,Keys to Tulsa (1997)
1269,Kissed (1996)
1270,8 Heads in a Duffel Bag (1997)
1271,Hollow Reed (1996)
1272,Paradise Road (1997)
1273,Traveller (1997)
1274,All Over Me (1997)
1275,A Chef in Love (1996)
1276,Romy and Michele's High School Reunion (1997)
1277,Temptress Moon (Feng Yue) (1996)
1278,Volcano (1997)
1279,Children of the Revolution (1996)
1280,Austin Powers: International Man of Mystery (1997)
1281,Breakdown (1997)
1282,Broken English (1996)
1283,Commandments (1997)
1284,Ripe (1996)
1285,"Truth or Consequences, N.M. (1997)"
1286,Warriors of Virtue (1997)
1287,Fathers' Day (1997)
1288,"Fifth Element, The (1997)"
1289,Nowhere (1997)
1290,Losing Chase (1996)
1291,Sprung (1997)
1292,"Promise, The (La Promesse) (1996)"
1293,"Bonheur, Le (1965)"
1294,Love! Valour! Compassion! (1997)
1295,Shall We Dance? (Shall We Dansu?) (1996)
1296,"Second Jungle Book: Mowgli & Baloo, The (1997)"
1297,Twin Town (1997)
1298,Addicted to Love (1997)
1299,Brassed Off (1996)
1300,"Designated Mourner, The (1997)"
1301,"Lost World: Jurassic Park, The (1997)"
1302,Ponette (1996)
1303,Schizopolis (1996)
1304,Shiloh (1997)
1305,Rough Magic (1995)
1306,Trial and Error (1997)
1307,Buddy (1997)
1308,Con Air (1997)
1309,"Pillow Book, The (1995)"
1310,Speed 2: Cruise Control (1997)
1311,Batman & Robin (1997)
1312,Dream With the Fishes (1997)
1313,Roseanna's Grave (For Roseanna) (1997)
1314,Head Above Water (1996)
1315,Hercules (1997)
1316,"Last Time I Committed Suicide, The (1997)"
1317,My Best Friend's Wedding (1997)
1318,Tetsuo II: Body Hammer (1992)
1319,When the Cats Away (Chacun cherche son chat) (1996)
1320,Contempt (Le Mépris) (1963)
1321,Face/Off (1997)
1322,Fall (1997)
1323,Gabbeh (1996)
1324,Men in Black (1997)
1325,Out to Sea (1997)
1326,Wild America (1997)
1327,"Simple Wish, A (1997)"
1328,Contact (1997)
1329,Love Serenade (1996)
1330,G.I. Jane (1997)
1331,Conan the Barbarian (1982)
1332,George of the Jungle (1997)
1333,Cop Land (1997)
1334,Event Horizon (1997)
1335,Spawn (1997)
1336,Air Bud (1997)
1337,Picture Perfect (1997)
1338,In the Company of Men (1997)
1339,Free Willy 3: The Rescue (1997)
1340,Career Girls (1997)
1341,Conspiracy Theory (1997)
1342,Desperate Measures (1998)
1343,Steel (1997)
1344,She's So Lovely (1997)
1345,Hoodlum (1997)
1346,Leave It to Beaver (1997)
1347,Mimic (1997)
1348,Money Talks (1997)
1349,Excess Baggage (1997)
1350,Kull the Conqueror (1997)
1351,Air Force One (1997)
1352,187 (1997)
1353,"Hunt for Red October, The (1990)"
1354,My Own Private Idaho (1991)
1355,"Kiss Me, Guido (1997)"
1356,Star Maps (1997)
1357,In & Out (1997)
1358,"Edge, The (1997)"
1359,"Peacemaker, The (1997)"
1360,L.A. Confidential (1997)
1361,Seven Years in Tibet (1997)
1362,Kiss the Girls (1997)
1363,Soul Food (1997)
1364,Kicked in the Head (1997)
1365,Wishmaster (1997)
1366,"Thousand Acres, A (1997)"
1367,"Game, The (1997)"
1368,Fire Down Below (1997)
1369,U Turn (1997)
1370,"MatchMaker, The (1997)"
1371,"Assignment, The (1997)"
1372,"Smile Like Yours, A (1997)"
1373,Ulee's Gold (1997)
1374,"Ice Storm, The (1997)"
1375,Stag (1997)
1376,Chasing Amy (1997)
1377,How to Be a Player (1997)
1378,"Full Monty, The (1997)"
1379,Indian Summer (a.k.a. Alive & Kicking) (1996)
1380,"Mrs. Brown (Her Majesty, Mrs. Brown) (1997)"
1381,I Know What You Did Last Summer (1997)
1382,"Devil's Advocate, The (1997)"
1383,Rocket Man (1997)
1384,Playing God (1997)
1385,"House of Yes, The (1997)"
1386,"Fast, Cheap & Out of Control (1997)"
1387,Washington Square (1997)
1388,Telling Lies in America (1997)
1389,Gattaca (1997)
1390,FairyTale: A True Story (1997)
1391,Phantoms (1998)
1392,Swept from the Sea (1997)
1393,Wonderland (1997)
1394,"Life Less Ordinary, A (1997)"
1395,Hurricane Streets (1998)
1396,Eve's Bayou (1997)
1397,Switchback (1997)
1398,Gang Related (1997)
1399,Stripes (1981)
1400,Nénette et Boni (1996)
1401,Bean (1997)
1402,Hugo Pool (1997)
1403,Mad City (1997)
1404,One Night Stand (1997)
1405,"Tango Lesson, The (1997)"
1406,Welcome To Sarajevo (1997)
1407,Deceiver (1997)
1408,"Rainmaker, The (1997)"
1409,Boogie Nights (1997)
1410,Witness (1985)
1411,Incognito (1997)
1412,Starship Troopers (1997)
1413,Critical Care (1997)
1414,"Joy Luck Club, The (1993)"
1415,Chairman of the Board (1998)
1416,Sliding Doors (1998)
1417,Mortal Kombat: Annihilation (1997)
1418,"Truman Show, The (1998)"
1419,"Wings of the Dove, The (1997)"
1420,Mrs. Dalloway (1997)
1421,"I Love You, I Love You Not (1996)"
1422,Red Corner (1997)
1423,"Jackal, The (1997)"
1424,Anastasia (1997)
1425,"Man Who Knew Too Little, The (1997)"
1426,Alien: Resurrection (1997)
1427,Alien Escape (1995)
1428,Amistad (1997)
1429,"Apostle, The (1997)"
1430,Artemisia (1997)
1431,Bent (1997)
1432,"Butcher Boy, The (1998)"
1433,Deconstructing Harry (1997)
1434,Flubber (1997)
1435,For Richer or Poorer (1997)
1436,Good Will Hunting (1997)
1437,Home Alone 3 (1997)
1438,Midnight in the Garden of Good and Evil (1997)
1439,Mouse Hunt (1997)
1440,Office Killer (1997)
1441,Scream 2 (1997)
1442,Stranger in the House (1997)
1443,"Sweet Hereafter, The (1997)"
1444,Time Tracers (1995)
1445,Titanic (1997)
1446,Tomorrow Never Dies (1997)
1447,"Education of Little Tree, The (1997)"
1448,"Postman, The (1997)"
1449,"Horse Whisperer, The (1998)"
1450,"Winter Guest, The (1997)"
1451,Jackie Brown (1997)
1452,Kundun (1997)
1453,Mr. Magoo (1997)
1454,"Big Lebowski, The (1998)"
1455,Afterglow (1997)
1456,My Life in Pink (Ma vie en rose) (1997)
1457,Great Expectations (1998)
1458,3 Ninjas: High Noon On Mega Mountain (1998)
1459,"Midaq Alley (Callejón de los milagros, El) (1995)"
1460,Arguing the World (1996)
1461,Firestorm (1998)
1462,Senseless (1998)
1463,Wag the Dog (1997)
1464,Dark City (1998)
1465,"Leading Man, The (1996)"
1466,Star Kid (1997)
1467,Hard Rain (1998)
1468,Half Baked (1998)
1469,Fallen (1998)
1470,Shooting Fish (1997)
1471,"Prophecy II, The (1998)"
1472,Dangerous Beauty (1998)
1473,Four Days in September (1997)
1474,Spice World (1997)
1475,Deep Rising (1998)
1476,Music From Another Room (1998)
1477,"Replacement Killers, The (1998)"
1478,B. Monkey (1998)
1479,Night Flier (1997)
1480,Blues Brothers 2000 (1998)
1481,"Wedding Singer, The (1998)"
1482,Sphere (1998)
1483,Ayn Rand: A Sense of Life (1997)
1484,Little City (1998)
1485,Palmetto (1998)
1486,As Good As It Gets (1997)
1487,King of New York (1990)
1488,Men With Guns (1997)
1489,Twilight (1998)
1490,U.S. Marshalls (1998)
1491,Welcome to Woop-Woop (1997)
1492,Love and Death on Long Island (1997)
1493,In God's Hands (1998)
1494,Everest (1998)
1495,Hush (1998)
1496,Suicide Kings (1997)
1497,"Man in the Iron Mask, The (1998)"
1498,"Newton Boys, The (1998)"
1499,Wild Things (1998)
1500,Paulie (1998)
1501,"Cool Dry Place, A (1998)"
1502,Hana-bi (1997)
1503,Primary Colors (1998)
1504,"Niagara, Niagara (1997)"
1505,Wide Awake (1998)
1506,"Price Above Rubies, A (1998)"
1507,Two Girls and a Guy (1997)
1508,No Looking Back (1998)
1509,"Object of My Affection, The (1998)"
1510,Meet the Deedles (1998)
1511,Homegrown (1998)
1512,"Player's Club, The (1998)"
1513,Barney's Great Adventure (1998)
1514,"Big One, The (1997)"
1515,Chinese Box (1997)
1516,Lost in Space (1998)
1517,Mercury Rising (1998)
1518,"Spanish Prisoner, The (1997)"
1519,City of Angels (1998)
1520,"Last Days of Disco, The (1998)"
1521,"Odd Couple II, The (1998)"
1522,My Giant (1998)
1523,He Got Game (1998)
1524,"Gingerbread Man, The (1998)"
1525,Live Flesh (1997)
1526,Zero Effect (1998)
1527,Nil By Mouth (1997)
1528,"Borrowers, The (1997)"
1529,Prince Valiant (1997)
1530,"I Love You, Don't Touch Me! (1998)"
1531,"Alan Smithee Film: Burn Hollywood Burn, An (1997)"
1532,Kissing a Fool (1998)
1533,Krippendorf's Tribe (1998)
1534,Kurt & Courtney (1998)
1535,"Real Blonde, The (1997)"
1536,Mr. Nice Guy (1997)
1537,Taste of Cherry (1997)
1538,Character (Karakter) (1997)
1539,Species II (1998)
1540,Major League: Back to the Minors (1998)
1541,Sour Grapes (1998)
1542,Wild Man Blues (1998)
1543,"Big Hit, The (1998)"
1544,Tarzan and the Lost City (1998)
1545,Black Dog (1998)
1546,"Dancer, Texas Pop. 81 (1998)"
1547,Go Now (1995)
1548,"Misérables, Les (1998)"
1549,Still Breathing (1997)
1550,Clockwatchers (1997)
1551,Deep Impact (1998)
1552,Woo (1998)
1553,"Hanging Garden, The (1997)"
1554,Lawn Dogs (1997)
1555,Quest for Camelot (1998)
1556,Godzilla (1998)
1557,Bulworth (1998)
1558,Fear and Loathing in Las Vegas (1998)
1559,"Opposite of Sex, The (1998)"
1560,Almost Heroes (1998)
1561,Hope Floats (1998)
1562,Insomnia (1997)
1563,Little Boy Blue (1997)
1564,"Ugly, The (1997)"
1565,"Perfect Murder, A (1998)"
1566,Beyond Silence (1996)
1567,Six Days Seven Nights (1998)
1568,Can't Hardly Wait (1998)
1569,Cousin Bette (1998)
1570,High Art (1998)
1571,"Land Girls, The (1998)"
1572,Passion in the Desert (1998)
1573,"Children of Heaven, The (Bacheha-Ye Aseman) (1997)"
1574,Dear Jesse (1997)
1575,Dream for an Insomniac (1996)
1576,Hav Plenty (1997)
1577,Henry Fool (1997)
1578,Mr. Jealousy (1997)
1579,Mulan (1998)
1580,"X-Files: Fight the Future, The (1998)"
1581,I Went Down (1997)
1582,Doctor Dolittle (1998)
1583,Out of Sight (1998)
1584,Picnic at Hanging Rock (1975)
1585,Smoke Signals (1998)
1586,Buffalo 66 (1998)
1587,Armageddon (1998)
1588,Lethal Weapon 4 (1998)
1589,Madeline (1998)
1590,Small Soldiers (1998)
1591,Pi (1998)
1592,Whatever (1998)
1593,There's Something About Mary (1998)
1594,Plan 9 from Outer Space (1958)
1595,Wings (1927)
1596,"Broadway Melody, The (1929)"
1597,All Quiet on the Western Front (1930)
1598,Cimarron (1931)
1599,Grand Hotel (1932)
1600,Cavalcade (1933)
1601,Mutiny on the Bounty (1935)
1602,"Great Ziegfeld, The (1936)"
1603,"Life of Émile Zola, The (1937)"
1604,You Can't Take It With You (1938)
1605,How Green Was My Valley (1941)
1606,Mrs. Miniver (1942)
1607,Going My Way (1944)
1608,"Lost Weekend, The (1945)"
1609,"Best Years of Our Lives, The (1946)"
1610,Gentleman's Agreement (1947)
1611,Hamlet (1948)
1612,All the King's Men (1949)
1613,"Greatest Show on Earth, The (1952)"
1614,From Here to Eternity (1953)
1615,On the Waterfront (1954)
1616,Marty (1955)
1617,West Side Story (1961)
1618,Tom Jones (1963)
1619,"Man for All Seasons, A (1966)"
1620,In the Heat of the Night (1967)
1621,Oliver! (1968)
1622,Midnight Cowboy (1969)
1623,"French Connection, The (1971)"
1624,Rocky (1976)
1625,Kramer Vs. Kramer (1979)
1626,Ordinary People (1980)
1627,Chariots of Fire (1981)
1628,Terms of Endearment (1983)
1629,Out of Africa (1985)
1630,"Last Emperor, The (1987)"
1631,Rain Man (1988)
1632,Driving Miss Daisy (1989)
1633,Take the Money and Run (1969)
1634,Klute (1971)
1635,Repo Man (1984)
1636,Metropolitan (1990)
1637,Labyrinth (1986)
1638,"Breakfast Club, The (1985)"
1639,"Nightmare on Elm Street Part 2: Freddy's Revenge, A (1985)"
1640,"Nightmare on Elm Street 3: Dream Warriors, A (1987)"
1641,"Nightmare on Elm Street 4: The Dream Master, A (1988)"
1642,"Nightmare on Elm Street 5: The Dream Child, A (1989)"
1643,Freddy's Dead: The Final Nightmare (1991)
1644,Friday the 13th (1980)
1645,Friday the 13th Part 2 (1981)
1646,Friday the 13th Part 3: 3D (1982)
1647,Friday the 13th: The Final Chapter (1984)
1648,Friday the 13th Part V: A New Beginning (1985)
1649,Friday the 13th Part VI: Jason Lives (1986)
1650,Friday the 13th Part VII: The New Blood (1988)
1651,Friday the 13th Part VIII: Jason Takes Manhattan (1989)
1652,Halloween (1978)
1653,Halloween II (1981)
1654,Halloween III: Season of the Witch (1983)
1655,Halloween 4: The Return of Michael Myers (1988)
1656,Halloween 5: The Revenge of Michael Myers (1989)
1657,Prom Night (1980)
1658,Hello Mary Lou: Prom Night II (1987)
1659,Prom Night III: The Last Kiss (1989)
1660,Prom Night IV: Deliver Us From Evil (1992)
1661,Child's Play (1988)
1662,Child's Play 2 (1990)
1663,Child's Play 3 (1992)
1664,Poltergeist (1982)
1665,Poltergeist II: The Other Side (1986)
1666,Poltergeist III (1988)
1667,"Exorcist, The (1973)"
1668,Exorcist II: The Heretic (1977)
1669,"Exorcist III, The (1990)"
1670,Lethal Weapon (1987)
1671,Lethal Weapon 2 (1989)
1672,Lethal Weapon 3 (1992)
1673,Gremlins (1984)
1674,Gremlins 2: The New Batch (1990)
1675,"Goonies, The (1985)"
1676,"Mask of Zorro, The (1998)"
1677,Polish Wedding (1998)
1678,"This World, Then the Fireworks (1996)"
1679,Soylent Green (1973)
1680,Metropolis (1926)
1681,Back to the Future Part II (1989)
1682,Back to the Future Part III (1990)
1683,"Poseidon Adventure, The (1972)"
1684,Freaky Friday (1977)
1685,"Absent Minded Professor, The (1961)"
1686,"Apple Dumpling Gang Rides Again, The (1979)"
1687,Babes in Toyland (1961)
1688,Bambi (1942)
1689,Seven Samurai (The Magnificent Seven) (Shichinin no samurai) (1954)
1690,Dangerous Liaisons (1988)
1691,Dune (1984)
1692,"Last Temptation of Christ, The (1988)"
1693,"Godfather: Part III, The (1990)"
1694,"Rapture, The (1991)"
1695,Lolita (1997)
1696,Disturbing Behavior (1998)
1697,Mafia! (1998)
1698,Saving Private Ryan (1998)
1699,Billy's Hollywood Screen Kiss (1997)
1700,"$1,000,000 Duck (1971)"
1701,"Barefoot Executive, The (1971)"
1702,"Black Cauldron, The (1985)"
1703,"Black Hole, The (1979)"
1704,Blackbeard's Ghost (1968)
1705,Blank Check (1994)
1706,Candleshoe (1977)
1707,"Cat from Outer Space, The (1978)"
1708,"Computer Wore Tennis Shoes, The (1970)"
1709,Condorman (1981)
1710,D2: The Mighty Ducks (1994)
1711,Darby O'Gill and the Little People (1959)
1712,"Devil and Max Devlin, The (1981)"
1713,"Far Off Place, A (1993)"
1714,Flight of the Navigator (1986)
1715,"Gnome-Mobile, The (1967)"
1716,"Great Mouse Detective, The (1986)"
1717,"Happiest Millionaire, The (1967)"
1718,Herbie Goes Bananas (1980)
1719,Herbie Goes to Monte Carlo (1977)
1720,Hocus Pocus (1993)
1721,"Honey, I Blew Up the Kid (1992)"
1722,"Honey, I Shrunk the Kids (1989)"
1723,Hot Lead and Cold Feet (1978)
1724,In Search of the Castaways (1962)
1725,"Incredible Journey, The (1963)"
1726,"Negotiator, The (1998)"
1727,"Parent Trap, The (1998)"
1728,BASEketball (1998)
1729,Full Tilt Boogie (1997)
1730,"Governess, The (1998)"
1731,Seventh Heaven (Le Septième ciel) (1997)
1732,Roger & Me (1989)
1733,"Purple Rose of Cairo, The (1985)"
1734,Out of the Past (1947)
1735,Doctor Zhivago (1965)
1736,Fanny and Alexander (1982)
1737,"Trip to Bountiful, The (1985)"
1738,Tender Mercies (1983)
1739,And the Band Played On (1993)
1740,"'burbs, The (1989)"
1741,Fandango (1985)
1742,"Night Porter, The (Il Portiere di notte) (1974)"
1743,Mephisto (1981)
1744,Blue Velvet (1986)
1745,"Journey of Natty Gann, The (1985)"
1746,"Jungle Book, The (1967)"
1747,Kidnapped (1960)
1748,Lady and the Tramp (1955)
1749,"Little Mermaid, The (1989)"
1750,"Mighty Ducks, The (1992)"
1751,"Muppet Christmas Carol, The (1992)"
1752,Newsies (1992)
1753,101 Dalmatians (1961)
1754,One Magic Christmas (1985)
1755,Peter Pan (1953)
1756,Popeye (1980)
1757,"Rescuers Down Under, The (1990)"
1758,"Rescuers, The (1977)"
1759,Return from Witch Mountain (1978)
1760,"Return of Jafar, The (1993)"
1761,Return to Oz (1985)
1762,"Rocketeer, The (1991)"
1763,"Shaggy D.A., The (1976)"
1764,Sleeping Beauty (1959)
1765,Something Wicked This Way Comes (1983)
1766,Son of Flubber (1963)
1767,Song of the South (1946)
1768,Splash (1984)
1769,Squanto: A Warrior's Tale (1994)
1770,Steamboat Willie (1940)
1771,Tall Tale (1994)
1772,Tex (1982)
1773,Tron (1982)
1774,Swing Kids (1993)
1775,Halloween: H20 (1998)
1776,L.A. Story (1991)
1777,"Jerk, The (1979)"
1778,Dead Men Don't Wear Plaid (1982)
1779,"Man with Two Brains, The (1983)"
1780,Grand Canyon (1991)
1781,Graveyard Shift (1990)
1782,"Outsiders, The (1983)"
1783,Indiana Jones and the Temple of Doom (1984)
1784,"Lord of the Rings, The (1978)"
1785,Nineteen Eighty-Four (1984)
1786,"Dead Zone, The (1983)"
1787,Maximum Overdrive (1986)
1788,Needful Things (1993)
1789,Cujo (1983)
1790,Children of the Corn (1984)
1791,All Dogs Go to Heaven (1989)
1792,"Addams Family, The (1991)"
1793,Ever After: A Cinderella Story (1998)
1794,Snake Eyes (1998)
1795,Safe Men (1998)
1796,"Saltmen of Tibet, The (1997)"
1797,Atlantic City (1980)
1798,Autumn Sonata (Höstsonaten ) (1978)
1799,Who's Afraid of Virginia Woolf? (1966)
1800,Adventures in Babysitting (1987)
1801,Weird Science (1985)
1802,Doctor Dolittle (1967)
1803,"Nutty Professor, The (1963)"
1804,Charlotte's Web (1973)
1805,Watership Down (1978)
1806,"Secret of NIMH, The (1982)"
1807,"Dark Crystal, The (1982)"
1808,"American Tail, An (1986)"
1809,"American Tail: Fievel Goes West, An (1991)"
1810,Legend (1985)
1811,Sixteen Candles (1984)
1812,Pretty in Pink (1986)
1813,St. Elmo's Fire (1985)
1814,"Clan of the Cave Bear, The (1986)"
1815,House (1986)
1816,House II: The Second Story (1987)
1817,"Gods Must Be Crazy, The (1980)"
1818,"Gods Must Be Crazy II, The (1989)"
1819,Air Bud: Golden Receiver (1998)
1820,"Avengers, The (1998)"
1821,How Stella Got Her Groove Back (1998)
1822,"Slums of Beverly Hills, The (1998)"
1823,"Best Man, The (Il Testimone dello sposo) (1997)"
1824,"Chambermaid on the Titanic, The (1998)"
1825,"Henry: Portrait of a Serial Killer, Part 2 (1996)"
1826,Henry: Portrait of a Serial Killer (1990)
1827,Rosemary's Baby (1968)
1828,"NeverEnding Story, The (1984)"
1829,"NeverEnding Story II: The Next Chapter, The (1990)"
1830,Attack of the Killer Tomatoes! (1980)
1831,Surf Nazis Must Die (1987)
1832,Your Friends and Neighbors (1998)
1833,Return to Paradise (1998)
1834,Blade (1998)
1835,Dance with Me (1998)
1836,Dead Man on Campus (1998)
1837,Wrongfully Accused (1998)
1838,"Next Stop, Wonderland (1998)"
1839,"Navigator: A Mediaeval Odyssey, The (1988)"
1840,Beetlejuice (1988)
1841,Déjà Vu (1997)
1842,Rope (1948)
1843,Family Plot (1976)
1844,Frenzy (1972)
1845,Topaz (1969)
1846,Torn Curtain (1966)
1847,Marnie (1964)
1848,"Wrong Man, The (1956)"
1849,"Man Who Knew Too Much, The (1956)"
1850,"Trouble with Harry, The (1955)"
1851,I Confess (1953)
1852,Strangers on a Train (1951)
1853,Stage Fright (1950)
1854,54 (1998)
1855,I Married A Strange Person (1997)
1856,Why Do Fools Fall In Love? (1998)
1857,"Merry War, A (1997)"
1858,See the Sea (Regarde la mer) (1997)
1859,Willow (1988)
1860,"Untouchables, The (1987)"
1861,Dirty Work (1998)
1862,Knock Off (1998)
1863,Firelight (1997)
1864,Under Capricorn (1949)
1865,"Paradine Case, The (1947)"
1866,Lifeboat (1944)
1867,Shadow of a Doubt (1943)
1868,Saboteur (1942)
1869,Mr. & Mrs. Smith (1941)
1870,Suspicion (1941)
1871,Jamaica Inn (1939)
1872,"Lady Vanishes, The (1938)"
1873,Young and Innocent (1937)
1874,Sabotage (1936)
1875,Secret Agent (1936)
1876,"Man Who Knew Too Much, The (1934)"
1877,Rich and Strange (1932)
1878,Murder! (1930)
1879,Blackmail (1929)
1880,"Lodger, The (1926)"
1881,Rounders (1998)
1882,Cube (1997)
1883,Digging to China (1998)
1884,Let's Talk About Sex (1998)
1885,Simon Birch (1998)
1886,Without Limits (1998)
1887,Seven Beauties (Pasqualino Settebellezze) (1976)
1888,Swept Away (Travolti da un insolito destino nell'azzurro mare d'Agosto) (1975)
1889,My Bodyguard (1980)
1890,Class (1983)
1891,"Grandview, U.S.A. (1984)"
1892,Broadcast News (1987)
1893,"Allnighter, The (1987)"
1894,Working Girl (1988)
1895,Stars and Bars (1988)
1896,Married to the Mob (1988)
1897,Say Anything... (1989)
1898,My Blue Heaven (1990)
1899,Men Don't Leave (1990)
1900,Hero (1992)
1901,Toys (1992)
1902,Young Doctors in Love (1982)
1903,Parasite (1982)
1904,No Small Affair (1984)
1905,Blame It on Rio (1984)
1906,Wisdom (1986)
1907,One Crazy Summer (1986)
1908,About Last Night... (1986)
1909,"Seventh Sign, The (1988)"
1910,We're No Angels (1989)
1911,Nothing But Trouble (1991)
1912,"Butcher's Wife, The (1991)"
1913,Mortal Thoughts (1991)
1914,"Few Good Men, A (1992)"
1915,Indecent Proposal (1993)
1916,Permanent Midnight (1998)
1917,One True Thing (1998)
1918,Rush Hour (1998)
1919,Six-String Samurai (1998)
1920,"Soldier's Daughter Never Cries, A (1998)"
1921,Ronin (1998)
1922,Urban Legend (1998)
1923,Clay Pigeons (1998)
1924,Monument Ave. (1998)
1925,Pecker (1998)
1926,"Sheltering Sky, The (1990)"
1927,Bandit Queen (1994)
1928,If.... (1968)
1929,"Fiendish Plot of Dr. Fu Manchu, The (1980)"
1930,Them! (1954)
1931,"Thing, The (1982)"
1932,"Player, The (1992)"
1933,Stardust Memories (1980)
1934,Edward Scissorhands (1990)
1935,Overnight Delivery (1996)
1936,Shadrach (1998)
1937,Antz (1998)
1938,"Impostors, The (1998)"
1939,"Night at the Roxbury, A (1998)"
1940,What Dreams May Come (1998)
1941,Strangeland (1998)
1942,"Producers, The (1968)"
1943,History of the World: Part I (1981)
1944,My Cousin Vinny (1992)
1945,Nashville (1975)
1946,Love Is the Devil (1998)
1947,Slam (1998)
1948,Holy Man (1998)
1949,One Tough Cop (1998)
1950,"Mighty, The (1998)"
1951,2010 (1984)
1952,Children of a Lesser God (1986)
1953,"Elephant Man, The (1980)"
1954,Beloved (1998)
1955,Bride of Chucky (1998)
1956,Practical Magic (1998)
1957,"Alarmist, The (1997)"
1958,Happiness (1998)
1959,Apt Pupil (1998)
1960,Pleasantville (1998)
1961,Soldier (1998)
1962,"Cruise, The (1998)"
1963,Life Is Beautiful (La Vita è bella) (1997)
1964,Orgazmo (1997)
1965,Shattered Image (1998)
1966,Tales from the Darkside: The Movie (1990)
1967,Vampires (1998)
1968,American History X (1998)
1969,Hands on a Hard Body (1996)
1970,Living Out Loud (1998)
1971,Belly (1998)
1972,Gods and Monsters (1998)
1973,"Siege, The (1998)"
1974,"Waterboy, The (1998)"
1975,Elizabeth (1998)
1976,Velvet Goldmine (1998)
1977,I Still Know What You Did Last Summer (1998)
1978,I'll Be Home For Christmas (1998)
1979,Meet Joe Black (1998)
1980,Dancing at Lughnasa (1998)
1981,Hard Core Logo (1996)
1982,Runaway Train (1985)
1983,Desert Bloom (1986)
1984,"Stepford Wives, The (1975)"
1985,"Pope of Greenwich Village, The (1984)"
1986,Sid and Nancy (1986)
1987,Mona Lisa (1986)
1988,Heart Condition (1990)
1989,Nights of Cabiria (Le Notti di Cabiria) (1957)
1990,"Big Chill, The (1983)"
1991,Enemy of the State (1998)
1992,"Rugrats Movie, The (1998)"
1993,"Bug's Life, A (1998)"
1994,Celebrity (1998)
1995,Central Station (Central do Brasil) (1998)
1996,Waking Ned Devine (1998)
1997,"Celebration, The (Festen) (1998)"
1998,Pink Flamingos (1972)
1999,Glen or Glenda (1953)
2000,Godzilla (Gojira) (1954)
2001,Godzilla (Gojira) (1984)
2002,King Kong vs. Godzilla (Kingukongu tai Gojira) (1962)
2003,King Kong (1933)
2004,King Kong (1976)
2005,King Kong Lives (1986)
2006,Desperately Seeking Susan (1985)
2007,"Emerald Forest, The (1985)"
2008,Fletch (1985)
2009,Fletch Lives (1989)
2010,Red Sonja (1985)
2011,Gung Ho (1986)
2012,"Money Pit, The (1986)"
2013,"View to a Kill, A (1985)"
2014,Lifeforce (1985)
2015,Police Academy (1984)
2016,Police Academy 2: Their First Assignment (1985)
2017,Police Academy 3: Back in Training (1986)
2018,Police Academy 4: Citizens on Patrol (1987)
2019,Police Academy 5: Assignment: Miami Beach (1988)
2020,Police Academy 6: City Under Siege (1989)
2021,Babe: Pig in the City (1998)
2022,Home Fries (1998)
2023,Jerry Springer: Ringmaster (1998)
2024,Very Bad Things (1998)
2025,Steam: The Turkish Bath (Hamam) (1997)
2026,Psycho (1998)
2027,Little Voice (1998)
2028,"Simple Plan, A (1998)"
2029,Jack Frost (1998)
2030,Star Trek: Insurrection (1998)
2031,"Prince of Egypt, The (1998)"
2032,Rushmore (1998)
2033,Shakespeare in Love (1998)
2034,Mass Appeal (1984)
2035,Miracle on 34th Street (1947)
2036,Santa Claus: The Movie (1985)
2037,Prancer (1989)
2038,Pale Rider (1985)
2039,Rambo: First Blood Part II (1985)
2040,First Blood (1982)
2041,Rambo III (1988)
2042,"Jewel of the Nile, The (1985)"
2043,Romancing the Stone (1984)
2044,Cocoon (1985)
2045,Cocoon: The Return (1988)
2046,Rocky II (1979)
2047,Rocky III (1982)
2048,Rocky IV (1985)
2049,Rocky V (1990)
2050,Clue (1985)
2051,Young Sherlock Holmes (1985)
2052,Violets Are Blue... (1986)
2053,Back to School (1986)
2054,Heartburn (1986)
2055,Nothing in Common (1986)
2056,Extremities (1986)
2057,"Karate Kid, The (1984)"
2058,"Karate Kid, Part II, The (1986)"
2059,"Karate Kid III, The (1989)"
2060,Christmas Vacation (1989)
2061,You've Got Mail (1998)
2062,"General, The (1998)"
2063,"Theory of Flight, The (1998)"
2064,"Thin Red Line, The (1998)"
2065,"Faculty, The (1998)"
2066,Mighty Joe Young (1998)
2067,Mighty Joe Young (1949)
2068,Patch Adams (1998)
2069,Stepmom (1998)
2070,"Civil Action, A (1998)"
2071,Down in the Delta (1998)
2072,Hurlyburly (1998)
2073,Tea with Mussolini (1999)
2074,Wilde (1997)
2075,Affliction (1997)
2076,Another Day in Paradise (1998)
2077,"Hi-Lo Country, The (1998)"
2078,Hilary and Jackie (1998)
2079,Playing by Heart (1998)
2080,24 7: Twenty Four Seven (1997)
2081,At First Sight (1999)
2082,In Dreams (1999)
2083,Varsity Blues (1999)
2084,Virus (1999)
2085,"Garbage Pail Kids Movie, The (1987)"
2086,Howard the Duck (1986)
2087,"Gate, The (1987)"
2088,"Gate II: Trespassers, The (1990)"
2089,"Boy Who Could Fly, The (1986)"
2090,"Fly, The (1958)"
2091,"Fly, The (1986)"
2092,"Fly II, The (1989)"
2093,Running Scared (1986)
2094,Armed and Dangerous (1986)
2095,"Texas Chainsaw Massacre, The (1974)"
2096,"Texas Chainsaw Massacre 2, The (1986)"
2097,Leatherface: Texas Chainsaw Massacre III (1990)
2098,"Return of the Texas Chainsaw Massacre, The (1994)"
2099,Ruthless People (1986)
2100,Trick or Treat (1986)
2101,Deadly Friend (1986)
2102,Belizaire the Cajun (1986)
2103,"Name of the Rose, The (1986)"
2104,Jumpin' Jack Flash (1986)
2105,Peggy Sue Got Married (1986)
2106,Crocodile Dundee (1986)
2107,Crocodile Dundee II (1988)
2108,Tough Guys (1986)
2109,Soul Man (1986)
2110,"Color of Money, The (1986)"
2111,52 Pick-Up (1986)
2112,Heartbreak Ridge (1986)
2113,Firewalker (1986)
2114,Three Amigos! (1986)
2115,Gloria (1999)
2116,My Name Is Joe (1998)
2117,Still Crazy (1998)
2118,"Day of the Beast, The (El Día de la bestia) (1995)"
2119,She's All That (1999)
2120,24-hour Woman (1998)
2121,"Blood, Guts, Bullets and Octane (1998)"
2122,Peeping Tom (1960)
2123,Payback (1999)
2124,Simply Irresistible (1999)
2125,20 Dates (1998)
2126,"Harmonists, The (1997)"
2127,"Last Days, The (1998)"
2128,"Fantastic Planet, The (La Planète sauvage) (1973)"
2129,Blast from the Past (1999)
2130,Message in a Bottle (1999)
2131,My Favorite Martian (1999)
2132,God Said 'Ha!' (1998)
2133,Jawbreaker (1999)
2134,October Sky (1999)
2135,Office Space (1999)
2136,"Apple, The (Sib) (1998)"
2137,200 Cigarettes (1999)
2138,8MM (1999)
2139,"Other Sister, The (1999)"
2140,Breakfast of Champions (1999)
2141,Eight Days a Week (1997)
2142,"Long Goodbye, The (1973)"
2143,"Ballad of Narayama, The (Narayama Bushiko) (1982)"
2144,Pet Sematary (1989)
2145,Pet Sematary II (1992)
2146,Children of the Corn II: The Final Sacrifice (1993)
2147,Children of the Corn III (1994)
2148,Christine (1983)
2149,Night Shift (1982)
2150,House on Haunted Hill (1958)
2151,Airport (1970)
2152,Airport 1975 (1974)
2153,Airport '77 (1977)
2154,Rollercoaster (1977)
2155,"Towering Inferno, The (1974)"
2156,Alligator (1980)
2157,Meteor (1979)
2158,Westworld (1973)
2159,Logan's Run (1976)
2160,Planet of the Apes (1968)
2161,Beneath the Planet of the Apes (1970)
2162,Battle for the Planet of the Apes (1973)
2163,Conquest of the Planet of the Apes (1972)
2164,Escape from the Planet of the Apes (1971)
2165,Avalanche (1978)
2166,Earthquake (1974)
2167,"Concorde: Airport '79, The (1979)"
2168,Beyond the Poseidon Adventure (1979)
2169,Dancemaker (1998)
2170,Analyze This (1999)
2171,"Corruptor, The (1999)"
2172,Cruel Intentions (1999)
2173,"Lock, Stock & Two Smoking Barrels (1998)"
2174,"School of Flesh, The (L' École de la chair) (1998)"
2175,Relax... It's Just Sex (1998)
2176,"Deep End of the Ocean, The (1999)"
2177,"Rage: Carrie 2, The (1999)"
2178,Wing Commander (1999)
2179,"Haunting, The (1963)"
2180,Dead Ringers (1988)
2181,My Boyfriend's Back (1993)
2182,Village of the Damned (1960)
2183,Children of the Damned (1963)
2184,Baby Geniuses (1999)
2185,I Stand Alone (Seul contre tous) (1998)
2186,Forces of Nature (1999)
2187,"King and I, The (1999)"
2188,Ravenous (1999)
2189,True Crime (1999)
2190,Bandits (1997)
2191,"King and I, The (1956)"
2192,Doug's 1st Movie (1999)
2193,EDtv (1999)
2194,"Mod Squad, The (1999)"
2195,Among Giants (1998)
2196,"Walk on the Moon, A (1999)"
2197,"Matrix, The (1999)"
2198,10 Things I Hate About You (1999)
2199,Tango (1998)
2200,"Out-of-Towners, The (1999)"
2201,"Dreamlife of Angels, The (La Vie rêvée des anges) (1998)"
2202,Metroland (1997)
2203,Following (1998)
2204,Go (1999)
2205,Never Been Kissed (1999)
2206,Twin Dragons (Shuang long hui) (1992)
2207,Cookie's Fortune (1999)
2208,"Lovers of the Arctic Circle, The (Los Amantes del Círculo Polar) (1998)"
2209,"Goodbye, Lover (1999)"
2210,Life (1999)
2211,Friends & Lovers (1999)
2212,Hideous Kinky (1998)
2213,"Monster, The (Il Mostro) (1994)"
2214,Open Your Eyes (Abre los ojos) (1997)
2215,SLC Punk! (1998)
2216,Lost & Found (1999)
2217,Pushing Tin (1999)
2218,Election (1999)
2219,eXistenZ (1999)
2220,Mighty Peking Man (Hsing hsing wang) (1977)
2221,Entrapment (1999)
2222,Idle Hands (1999)
2223,Get Real (1998)
2224,Heaven (1998)
2225,"King of Masks, The (Bian Lian) (1996)"
2226,Three Seasons (1999)
2227,"Winslow Boy, The (1998)"
2228,Mildred Pierce (1945)
2229,Night of the Comet (1984)
2230,Chopping Mall (a.k.a. Killbots) (1986)
2231,My Science Project (1985)
2232,Dick Tracy (1990)
2233,"Mummy, The (1999)"
2234,"Castle, The (1997)"
2235,This Is My Father (1998)
2236,Xiu Xiu: The Sent-Down Girl (Tian yu) (1998)
2237,"Midsummer Night's Dream, A (1999)"
2238,After Life (1998)
2239,Black Mask (Hak hap) (1996)
2240,Edge of Seventeen (1998)
2241,Endurance (1998)
2242,Star Wars: Episode I - The Phantom Menace (1999)
2243,"Love Letter, The (1999)"
2244,Besieged (L' Assedio) (1998)
2245,Frogs for Snakes (1998)
2246,"Saragossa Manuscript, The (Rekopis znaleziony w Saragossie) (1965)"
2247,"Mummy, The (1932)"
2248,"Mummy, The (1959)"
2249,"Mummy's Curse, The (1944)"
2250,"Mummy's Ghost, The (1944)"
2251,"Mummy's Hand, The (1940)"
2252,"Mummy's Tomb, The (1942)"
2253,Mommie Dearest (1981)
2254,Superman (1978)
2255,Superman II (1980)
2256,Superman III (1983)
2257,Superman IV: The Quest for Peace (1987)
2258,Dracula (1931)
2259,Dracula (1958)
2260,House of Dracula (1945)
2261,House of Frankenstein (1944)
2262,Frankenstein (1931)
2263,Son of Frankenstein (1939)
2264,"Ghost of Frankenstein, The (1942)"
2265,Frankenstein Meets the Wolf Man (1943)
2266,"Curse of Frankenstein, The (1957)"
2267,Son of Dracula (1943)
2268,"Wolf Man, The (1941)"
2269,Howling II: Your Sister Is a Werewolf (1985)
2270,Tarantula (1955)
2271,"Rocky Horror Picture Show, The (1975)"
2272,"Flying Saucer, The (1950)"
2273,It Came from Hollywood (1982)
2274,"Thing From Another World, The (1951)"
2275,It Came from Outer Space (1953)
2276,"War of the Worlds, The (1953)"
2277,It Came from Beneath the Sea (1955)
2278,Invasion of the Body Snatchers (1956)
2279,Earth Vs. the Flying Saucers (1956)
2280,It Conquered the World (1956)
2281,"Mole People, The (1956)"
2282,Swamp Thing (1982)
2283,Pork Chop Hill (1959)
2284,"Run Silent, Run Deep (1958)"
2285,Notting Hill (1999)
2286,"Thirteenth Floor, The (1999)"
2287,Eternity and a Day (Mia eoniotita ke mia mera ) (1998)
2288,"Loss of Sexual Innocence, The (1999)"
2289,Twice Upon a Yesterday (1998)
2290,Instinct (1999)
2291,Buena Vista Social Club (1999)
2292,Desert Blue (1999)
2293,Finding North (1999)
2294,Free Enterprise (1998)
2295,Limbo (1999)
2296,Austin Powers: The Spy Who Shagged Me (1999)
2297,"Red Violin, The (Le Violon rouge) (1998)"
2298,Tarzan (1999)
2299,"General's Daughter, The (1999)"
2300,Get Bruce (1999)
2301,"Ideal Husband, An (1999)"
2302,"Legend of 1900, The (Leggenda del pianista sull'oceano) (1998)"
2303,Run Lola Run (Lola rennt) (1998)
2304,Trekkies (1997)
2305,Big Daddy (1999)
2306,"Boys, The (1997)"
2307,"Dinner Game, The (Le Dîner de cons) (1998)"
2308,My Son the Fanatic (1998)
2309,Arachnophobia (1990)
2310,"South Park: Bigger, Longer and Uncut (1999)"
2311,Wild Wild West (1999)
2312,Summer of Sam (1999)
2313,"Lovers on the Bridge, The (Les Amants du Pont-Neuf) (1991)"
2314,"Late August, Early September (Fin août, début septembre) (1998)"
2315,American Pie (1999)
2316,Arlington Road (1999)
2317,"Autumn Tale, An (Conte d'automne) (1998)"
2318,Muppets From Space (1999)
2319,"Blair Witch Project, The (1999)"
2320,My Life So Far (1999)
2321,Eyes Wide Shut (1999)
2322,Lake Placid (1999)
2323,"Wood, The (1999)"
2324,"Velocity of Gary, The (1998)"
2325,Ghostbusters (1984)
2326,Ghostbusters II (1989)
2327,Drop Dead Gorgeous (1999)
2328,"Haunting, The (1999)"
2329,Inspector Gadget (1999)
2330,Trick (1999)
2331,Deep Blue Sea (1999)
2332,Mystery Men (1999)
2333,Runaway Bride (1999)
2334,Twin Falls Idaho (1999)
2335,"Killing, The (1956)"
2336,Killer's Kiss (1955)
2337,Spartacus (1960)
2338,Lolita (1962)
2339,Barry Lyndon (1975)
2340,"400 Blows, The (Les Quatre cents coups) (1959)"
2341,Jules and Jim (Jules et Jim) (1961)
2342,Vibes (1988)
2343,"Mosquito Coast, The (1986)"
2344,"Golden Child, The (1986)"
2345,Brighton Beach Memoirs (1986)
2346,Assassination (1987)
2347,Crimes of the Heart (1986)
2348,"Color Purple, The (1985)"
2349,"Kindred, The (1986)"
2350,No Mercy (1986)
2351,Native Son (1986)
2352,Otello (1986)
2353,"Mission, The (1986)"
2354,Little Shop of Horrors (1986)
2355,"Little Shop of Horrors, The (1960)"
2356,Allan Quartermain and the Lost City of Gold (1987)
2357,"Morning After, The (1986)"
2358,Radio Days (1987)
2359,From the Hip (1987)
2360,Outrageous Fortune (1987)
2361,"Bedroom Window, The (1987)"
2362,Deadtime Stories (1987)
2363,Light of Day (1987)
2364,Wanted: Dead or Alive (1987)
2365,Frances (1982)
2366,Plenty (1985)
2367,Dick (1999)
2368,"Gambler, The (A Játékos) (1997)"
2369,"Iron Giant, The (1999)"
2370,"Sixth Sense, The (1999)"
2371,"Thomas Crown Affair, The (1999)"
2372,"Thomas Crown Affair, The (1968)"
2373,"Acid House, The (1998)"
2374,"Adventures of Sebastian Cole, The (1998)"
2375,Illuminata (1998)
2376,Stiff Upper Lips (1998)
2377,"Yards, The (1999)"
2378,Bowfinger (1999)
2379,Brokedown Palace (1999)
2380,Detroit Rock City (1999)
2381,Alice and Martin (Alice et Martin) (1998)
2382,Better Than Chocolate (1999)
2383,Head On (1998)
2384,"Marcello Mastroianni: I Remember Yes, I Remember (1997)"
2385,Cobra (1925)
2386,Never Talk to Strangers (1995)
2387,Heaven Can Wait (1978)
2388,"Raven, The (1963)"
2389,"Tingler, The (1959)"
2390,Pit and the Pendulum (1961)
2391,"Tomb of Ligeia, The (1965)"
2392,"Masque of the Red Death, The (1964)"
2393,Tales of Terror (1962)
2394,Haunted Honeymoon (1986)
2395,Cat's Eye (1985)
2396,And Now for Something Completely Different (1971)
2397,Damien: Omen II (1978)
2398,"Final Conflict, The (a.k.a. Omen III: The Final Conflict) (1981)"
2399,Airplane! (1980)
2400,Airplane II: The Sequel (1982)
2401,"American Werewolf in Paris, An (1997)"
2402,European Vacation (1985)
2403,Vacation (1983)
2404,Funny Farm (1988)
2405,Big (1988)
2406,Problem Child (1990)
2407,Problem Child 2 (1991)
2408,Little Nemo: Adventures in Slumberland (1992)
2409,Oscar and Lucinda (a.k.a. Oscar & Lucinda) (1997)
2410,Tequila Sunrise (1988)
2411,"Pelican Brief, The (1993)"
2412,"Christmas Story, A (1983)"
2413,Mickey Blue Eyes (1999)
2414,Teaching Mrs. Tingle (1999)
2415,Universal Soldier: The Return (1999)
2416,Universal Soldier (1992)
2417,Love Stinks (1999)
2418,Perfect Blue (1997)
2419,In Too Deep (1999)
2420,"Source, The (1999)"
2421,"Bat, The (1959)"
2422,Iron Eagle (1986)
2423,Iron Eagle II (1988)
2424,Aces: Iron Eagle III (1992)
2425,Iron Eagle IV (1995)
2426,Three Days of the Condor (1975)
2427,Hamlet (1964)
2428,Medicine Man (1992)
2429,On the Ropes (1999)
2430,"13th Warrior, The (1999)"
2431,"Astronaut's Wife, The (1999)"
2432,Dudley Do-Right (1999)
2433,"Muse, The (1999)"
2434,Cabaret Balkan (Bure Baruta) (1998)
2435,"Dog of Flanders, A (1999)"
2436,Lucie Aubrac (1997)
2437,"Very Thought of You, The (1998)"
2438,Chill Factor (1999)
2439,Outside Providence (1999)
2440,Bedrooms & Hallways (1998)
2441,West Beirut (West Beyrouth) (1998)
2442,Stigmata (1999)
2443,Stir of Echoes (1999)
2444,Best Laid Plans (1999)
2445,"Black Cat, White Cat (Crna macka, beli macor) (1998)"
2446,"Minus Man, The (1999)"
2447,"Adventures of Milo and Otis, The (1986)"
2448,Only Angels Have Wings (1939)
2449,Othello (1952)
2450,Queens Logic (1991)
2451,Public Access (1993)
2452,Saturn 3 (1979)
2453,"Soldier's Story, A (1984)"
2454,"Communion (a.k.a. Alice, Sweet Alice/Holy Terror) (1977)"
2455,Don't Look in the Basement! (1973)
2456,Nightmares (1983)
2457,I Saw What You Did (1965)
2458,Yellow Submarine (1968)
2459,American Beauty (1999)
2460,Stop Making Sense (1984)
2461,Blue Streak (1999)
2462,For Love of the Game (1999)
2463,Caligula (1980)
2464,"Hard Day's Night, A (1964)"
2465,Splendor (1999)
2466,Sugar Town (1999)
2467,"Buddy Holly Story, The (1978)"
2468,Fright Night (1985)
2469,Fright Night Part II (1989)
2470,Barefoot in the Park (1967)
2471,Deliverance (1972)
2472,Excalibur (1981)
2473,Lulu on the Bridge (1998)
2474,"Pajama Game, The (1957)"
2475,Sommersby (1993)
2476,Thumbelina (1994)
2477,Tommy (1975)
2478,Hell Night (1981)
2479,Operation Condor (Feiying gaiwak) (1990)
2480,Operation Condor 2 (Longxiong hudi) (1990)
2481,Double Jeopardy (1999)
2482,Jakob the Liar (1999)
2483,Mumford (1999)
2484,Dog Park (1998)
2485,Guinevere (1999)
2486,"Adventures of Elmo in Grouchland, The (1999)"
2487,Drive Me Crazy (1999)
2488,"Mystery, Alaska (1999)"
2489,Three Kings (1999)
2490,"Happy, Texas (1999)"
2491,New Rose Hotel (1998)
2492,Plunkett & MaCleane (1999)
2493,Romance (1999)
2494,Alvarez Kelly (1966)
2495,And the Ship Sails On (E la nave va) (1984)
2496,"Dark Half, The (1993)"
2497,Gulliver's Travels (1939)
2498,Monkey Shines (1988)
2499,Phantasm (1979)
2500,Psycho II (1983)
2501,Psycho III (1986)
2502,Rain (1932)
2503,Sanjuro (1962)
2504,Random Hearts (1999)
2505,Superstar (1999)
2506,Boys Don't Cry (1999)
2507,"Grandfather, The (El Abuelo) (1998)"
2508,"Limey, The (1999)"
2509,"Mating Habits of the Earthbound Human, The (1998)"
2510,Molly (1999)
2511,Risky Business (1983)
2512,Total Recall (1990)
2513,Body Heat (1981)
2514,Ferris Bueller's Day Off (1986)
2515,Year of Living Dangerously (1982)
2516,Children of Paradise (Les enfants du paradis) (1945)
2517,High Plains Drifter (1972)
2518,Hang 'em High (1967)
2519,Citizen's Band (a.k.a. Handle with Care) (1977)
2520,Drunken Master (Zui quan) (1979)
2521,"Conformist, The (Il Conformista) (1970)"
2522,Hairspray (1988)
2523,Brief Encounter (1946)
2524,"Razor's Edge, The (1984)"
2525,Reds (1981)
2526,Return with Honor (1998)
2527,Time of the Gypsies (Dom za vesanje) (1989)
2528,Days of Heaven (1978)
2529,"Fire Within, The (Le Feu Follet) (1963)"
2530,"Love Bewitched, A (El Amor Brujo) (1986)"
2531,"Lady Eve, The (1941)"
2532,Sullivan's Travels (1942)
2533,"Palm Beach Story, The (1942)"
2534,Man Facing Southeast (Hombre Mirando al Sudeste) (1986)
2535,Niagara (1953)
2536,Gilda (1946)
2537,South Pacific (1958)
2538,Flashdance (1983)
2539,Indochine (1992)
2540,"Dirty Dozen, The (1967)"
2541,Mike's Murder (1984)
2542,Help! (1965)
2543,Goldfinger (1964)
2544,From Russia with Love (1963)
2545,Dr. No (1962)
2546,"Blue Lagoon, The (1980)"
2547,"Fistful of Dollars, A (1964)"
2548,"Hard 8 (a.k.a. Sydney, a.k.a. Hard Eight) (1996)"
2549,Home Alone 2: Lost in New York (1992)
2550,Someone to Watch Over Me (1987)
2551,Fight Club (1999)
2552,"Story of Us, The (1999)"
2553,Fever Pitch (1997)
2554,Joe the King (1999)
2555,Julien Donkey-Boy (1999)
2556,"Omega Code, The (1999)"
2557,"Straight Story, The (1999)"
2558,"Bad Seed, The (1956)"
2559,Time Bandits (1981)
2560,"Man and a Woman, A (Un Homme et une Femme) (1966)"
2561,Fitzcarraldo (1982)
2562,All That Jazz (1979)
2563,Red Sorghum (Hong Gao Liang) (1987)
2564,Crimes and Misdemeanors (1989)
2565,Bats (1999)
2566,"Best Man, The (1999)"
2567,Bringing Out the Dead (1999)
2568,Crazy in Alabama (1999)
2569,Three to Tango (1999)
2570,Body Shots (1999)
2571,"Brother, Can You Spare a Dime? (1975)"
2572,"Guardian, The (1990)"
2573,"Ipcress File, The (1965)"
2574,On Any Sunday (1971)
2575,Robocop (1987)
2576,Robocop 2 (1990)
2577,Who Framed Roger Rabbit? (1988)
2578,Melvin and Howard (1980)
2579,For Your Eyes Only (1981)
2580,Licence to Kill (1989)
2581,Live and Let Die (1973)
2582,Rawhead Rex (1986)
2583,Thunderball (1965)
2584,"City, The (1998)"
2585,"House on Haunted Hill, The (1999)"
2586,Music of the Heart (1999)
2587,Being John Malkovich (1999)
2588,Dreaming of Joseph Lees (1998)
2589,"Princess Mononoke, The (Mononoke Hime) (1997)"
2590,"Suburbans, The (1999)"
2591,My Best Fiend (Mein liebster Feind) (1999)
2592,Train of Life (Train De Vie) (1998)
2593,"Bachelor, The (1999)"
2594,"Bone Collector, The (1999)"
2595,"Insider, The (1999)"
2596,American Movie (1999)
2597,Last Night (1998)
2598,Rosetta (1999)
2599,"They Shoot Horses, Don't They? (1969)"
2600,Battling Butler (1926)
2601,Bride of Re-Animator (1990)
2602,Bustin' Loose (1981)
2603,Coma (1978)
2604,Creepshow (1982)
2605,Creepshow 2 (1987)
2606,Re-Animator (1985)
2607,Drugstore Cowboy (1989)
2608,Falling Down (1993)
2609,"Funhouse, The (1981)"
2610,"General, The (1927)"
2611,Piranha (1978)
2612,Rough Night in Jericho (1967)
2613,Slaughterhouse (1987)
2614,Slaughterhouse 2 (1988)
2615,"Taming of the Shrew, The (1967)"
2616,Nighthawks (1981)
2617,Yojimbo (1961)
2618,Repossessed (1990)
2619,"Omega Man, The (1971)"
2620,Spaceballs (1987)
2621,Robin Hood (1973)
2622,Mister Roberts (1955)
2623,Quest for Fire (1981)
2624,Little Big Man (1970)
2625,"Face in the Crowd, A (1957)"
2626,Trading Places (1983)
2627,Meatballs (1979)
2628,Meatballs Part II (1984)
2629,Meatballs III (1987)
2630,Meatballs 4 (1992)
2631,Dead Again (1991)
2632,Peter's Friends (1992)
2633,"Incredibly True Adventure of Two Girls in Love, The (1995)"
2634,Experience Preferred... But Not Essential (1982)
2635,Under the Rainbow (1981)
2636,How I Won the War (1967)
2637,Light It Up (1999)
2638,Anywhere But Here (1999)
2639,Dogma (1999)
2640,"Messenger: The Story of Joan of Arc, The (1999)"
2641,Pokémon: The First Movie (1998)
2642,Felicia's Journey (1999)
2643,Oxygen (1999)
2644,"Ape, The (1940)"
2645,"Commitments, The (1991)"
2646,Holiday Inn (1942)
2647,"Longest Day, The (1962)"
2648,Poison Ivy (1992)
2649,Poison Ivy: New Seduction (1997)
2650,Tora! Tora! Tora! (1970)
2651,Women on the Verge of a Nervous Breakdown (1988)
2652,"Verdict, The (1982)"
2653,"Effect of Gamma Rays on Man-in-the-Moon Marigolds, The (1972)"
2654,"Adventures of Buckaroo Bonzai Across the 8th Dimension, The (1984)"
2655,Stand and Deliver (1987)
2656,Moonstruck (1987)
2657,"Sandpiper, The (1965)"
2658,Jeremiah Johnson (1972)
2659,Repulsion (1965)
2660,Irma la Douce (1963)
2661,42 Up (1998)
2662,Liberty Heights (1999)
2663,Mansfield Park (1999)
2664,Sleepy Hollow (1999)
2665,"World Is Not Enough, The (1999)"
2666,All About My Mother (Todo Sobre Mi Madre) (1999)
2667,March of the Wooden Soldiers (a.k.a. Laurel & Hardy in Toyland) (1934)
2668,Scrooged (1988)
2669,Harvey (1950)
2670,"Bicycle Thief, The (Ladri di biciclette) (1948)"
2671,Matewan (1987)
2672,Kagemusha (1980)
2673,Chushingura (1962)
2674,McCabe & Mrs. Miller (1971)
2675,Maurice (1987)
2676,"Grapes of Wrath, The (1940)"
2677,My Man Godfrey (1957)
2678,"Shop Around the Corner, The (1940)"
2679,"Natural, The (1984)"
2680,Shampoo (1975)
2681,"River Runs Through It, A (1992)"
2682,Fatal Attraction (1987)
2683,Jagged Edge (1985)
2684,Stanley & Iris (1990)
2685,Midnight Run (1988)
2686,Awakenings (1990)
2687,Come See the Paradise (1990)
2688,Backdraft (1991)
2689,"Fisher King, The (1991)"
2690,"River, The (1984)"
2691,Country (1984)
2692,Places in the Heart (1984)
2693,'Night Mother (1986)
2694,End of Days (1999)
2695,Toy Story 2 (1999)
2696,Flawless (1999)
2697,Miss Julie (1999)
2698,Ride with the Devil (1999)
2699,Tumbleweeds (1999)
2700,"Distinguished Gentleman, The (1992)"
2701,"Hitch-Hiker, The (1953)"
2702,Santa Fe Trail (1940)
2703,Agnes Browne (1999)
2704,"End of the Affair, The (1999)"
2705,Holy Smoke (1999)
2706,"Map of the World, A (1999)"
2707,Sweet and Lowdown (1999)
2708,Bonfire of the Vanities (1990)
2709,Daddy Long Legs (1919)
2710,Go West (1925)
2711,"Grand Illusion (Grande illusion, La) (1937)"
2712,"Great Santini, The (1979)"
2713,"Sea Wolves, The (1980)"
2714,Stealing Home (1988)
2715,Tarzan the Fearless (1933)
2716,"Three Ages, The (1923)"
2717,"Two Jakes, The (1990)"
2718,U2: Rattle and Hum (1988)
2719,Hell in the Pacific (1968)
2720,"Glass Bottom Boat, The (1966)"
2721,"Cradle Will Rock, The (1999)"
2722,Deuce Bigalow: Male Gigolo (1999)
2723,"Green Mile, The (1999)"
2724,"Cider House Rules, The (1999)"
2725,Diamonds (1999)
2726,"War Zone, The (1999)"
2727,"Last Picture Show, The (1971)"
2728,"7th Voyage of Sinbad, The (1958)"
2729,Blood on the Sun (1945)
2730,Anna and the King (1999)
2731,Bicentennial Man (1999)
2732,Stuart Little (1999)
2733,"Emperor and the Assassin, The (Jing ke ci qin wang) (1999)"
2734,Fantasia 2000 (1999)
2735,Magnolia (1999)
2736,Onegin (1999)
2737,Simpatico (1999)
2738,Topsy-Turvy (1999)
2739,Boiling Point (1993)
2740,Brenda Starr (1989)
2741,Carnal Knowledge (1971)
2742,Easy Rider (1969)
2743,"Falcon and the Snowman, The (1984)"
2744,Room at the Top (1959)
2745,Any Given Sunday (1999)
2746,Man on the Moon (1999)
2747,Galaxy Quest (1999)
2748,"Talented Mr. Ripley, The (1999)"
2749,Next Friday (1999)
2750,"Hurricane, The (1999)"
2751,Angela's Ashes (1999)
2752,Play it to the Bone (1999)
2753,Titus (1999)
2754,Mr. Death: The Rise and Fall of Fred A. Leuchter Jr. (1999)
2755,"Third Miracle, The (1999)"
2756,Montana (1998)
2757,Snow Falling on Cedars (1999)
2758,"Girl, Interrupted (1999)"
2759,"Life and Times of Hank Greenberg, The (1998)"
2760,My Dog Skip (1999)
2761,Supernova (2000)
2762,"Terrorist, The (Malli) (1998)"
2763,"Way We Were, The (1973)"
2764,Stalag 17 (1953)
2765,"Presidio, The (1988)"
2766,Papillon (1973)
2767,Pal Joey (1957)
2768,"Last Detail, The (1973)"
2769,Five Easy Pieces (1970)
2770,Dead Calm (1989)
2771,"Boys from Brazil, The (1978)"
2772,Against All Odds (1984)
2773,"Snows of Kilimanjaro, The (1952)"
2774,Loaded Weapon 1 (1993)
2775,Fast Times at Ridgemont High (1982)
2776,"Cry in the Dark, A (1988)"
2777,Batman: Mask of the Phantasm (1993)
2778,American Flyers (1985)
2779,Voyage of the Damned (1976)
2780,"Star Is Born, A (1937)"
2781,Poison (1991)
2782,Pacific Heights (1990)
2783,"Draughtsman's Contract, The (1982)"
2784,Carmen (1984)
2785,"Zed & Two Noughts, A (1985)"
2786,Woman in the Dunes (Suna no onna) (1964)
2787,Down to You (2000)
2788,"Odessa File, The (1974)"
2789,Seven Chances (1925)
2790,Where the Buffalo Roam (1980)
2791,Eye of the Beholder (1999)
2792,Isn't She Great? (2000)
2793,"Big Tease, The (1999)"
2794,"Cup, The (Phörpa) (1999)"
2795,Encino Man (1992)
2796,"Goodbye Girl, The (1977)"
2797,I Am Cuba (Soy Cuba/Ya Kuba) (1964)
2798,Malcolm X (1992)
2799,Sister Act (1992)
2800,Sister Act 2: Back in the Habit (1993)
2801,"Hand That Rocks the Cradle, The (1992)"
2802,Alive (1993)
2803,Agnes of God (1985)
2804,Scent of a Woman (1992)
2805,Wayne's World (1992)
2806,Wayne's World 2 (1993)
2807,"League of Their Own, A (1992)"
2808,Patriot Games (1992)
2809,"Bodyguard, The (1992)"
2810,Death Becomes Her (1992)
2811,Far and Away (1992)
2812,Howards End (1992)
2813,Singles (1992)
2814,Twin Peaks: Fire Walk with Me (1992)
2815,White Men Can't Jump (1992)
2816,Buffy the Vampire Slayer (1992)
2817,Hard-Boiled (Lashou shentan) (1992)
2818,Man Bites Dog (C'est arrivé près de chez vous) (1992)
2819,"Mariachi, El (1992)"
2820,Stop! Or My Mom Will Shoot (1992)
2821,Forever Young (1992)
2822,"Cutting Edge, The (1992)"
2823,Of Mice and Men (1992)
2824,Bad Lieutenant (1992)
2825,Scream 3 (2000)
2826,Single White Female (1992)
2827,"Boondock Saints, The (1999)"
2828,Gun Shy (2000)
2829,"Brandon Teena Story, The (1998)"
2830,Different for Girls (1996)
2831,Minnie and Moskowitz (1971)
2832,They Might Be Giants (1971)
2833,"Beach, The (2000)"
2834,Snow Day (2000)
2835,"Tigger Movie, The (2000)"
2836,Not One Less (Yi ge dou bu neng shao) (1999)
2837,"Big Combo, The (1955)"
2838,Conceiving Ada (1997)
2839,To Sir with Love (1967)
2840,Boiler Room (2000)
2841,Hanging Up (2000)
2842,Pitch Black (2000)
2843,"Whole Nine Yards, The (2000)"
2844,Beautiful People (1999)
2845,Black Tar Heroin: The Dark End of the Street (1999)
2846,Blue Collar (1978)
2847,"Circus, The (1928)"
2848,City Lights (1931)
2849,"Flamingo Kid, The (1984)"
2850,"Dog's Life, A (1920)"
2851,"Kid, The (1921)"
2852,"Man from Laramie, The (1955)"
2853,Class Reunion (1982)
2854,Reindeer Games (2000)
2855,Wonder Boys (2000)
2856,Deterrence (1998)
2857,Judy Berlin (1999)
2858,Mifune (Mifunes sidste sang) (1999)
2859,Drowning Mona (2000)
2860,"Next Best Thing, The (2000)"
2861,What Planet Are You From? (2000)
2862,Beyond the Mat (2000)
2863,Ghost Dog: The Way of the Samurai (1999)
2864,"Year My Voice Broke, The (1987)"
2865,Splendor in the Grass (1961)
2866,My Tutor (1983)
2867,"Killing of Sister George, The (1968)"
2868,Key Largo (1948)
2869,Jail Bait (1954)
2870,For All Mankind (1989)
2871,Cross of Iron (1977)
2872,Bride of the Monster (1956)
2873,Born Yesterday (1950)
2874,Birdy (1984)
2875,And God Created Woman (1988)
2876,Blood Feast (1963)
2877,"Charlie, the Lonesome Cougar (1967)"
2878,Color Me Blood Red (1965)
2879,Never Cry Wolf (1983)
2880,"Perils of Pauline, The (1947)"
2881,"Raisin in the Sun, A (1961)"
2882,Two Thousand Maniacs! (1964)
2883,Mission to Mars (2000)
2884,"Ninth Gate, The (2000)"
2885,East-West (Est-ouest) (1999)
2886,Defending Your Life (1991)
2887,Breaking Away (1979)
2888,Hoosiers (1986)
2889,Bull Durham (1988)
2890,Dog Day Afternoon (1975)
2891,American Graffiti (1973)
2892,"Asphalt Jungle, The (1950)"
2893,"Searchers, The (1956)"
2894,Where Eagles Dare (1969)
2895,"Devil's Brigade, The (1968)"
2896,"Big Country, The (1958)"
2897,Betrayed (1988)
2898,Bound for Glory (1976)
2899,"Bridge at Remagen, The (1969)"
2900,Daughters of the Dust (1992)
2901,Destination Moon (1950)
2902,On the Beach (1959)
2903,"Taking of Pelham One Two Three, The (1974)"
2904,Volunteers (1985)
2905,JFK (1991)
2906,Who's Harry Crumb? (1989)
2907,Harry and the Hendersons (1987)
2908,Let's Get Harry (1986)
2909,Shanghai Surprise (1986)
2910,Who's That Girl? (1987)
2911,She-Devil (1989)
2912,Date with an Angel (1987)
2913,Blind Date (1987)
2914,Nadine (1987)
2915,"Muppet Movie, The (1979)"
2916,"Great Muppet Caper, The (1981)"
2917,"Muppets Take Manhattan, The (1984)"
2918,Sesame Street Presents Follow That Bird (1985)
2919,We're Back! A Dinosaur's Story (1993)
2920,Baby... Secret of the Lost Legend (1985)
2921,Turtle Diary (1985)
2922,Raise the Titanic (1980)
2923,Titanic (1953)
2924,"Night to Remember, A (1958)"
2925,Captain Horatio Hornblower (1951)
2926,Erin Brockovich (2000)
2927,Final Destination (2000)
2928,Soft Fruit (1999)
2929,"Bear, The (1988)"
2930,Love Is a Many-Splendored Thing (1955)
2931,"Mirror, The (Zerkalo) (1975)"
2932,"Trial, The (Le Procès) (1963)"
2933,"Crimson Pirate, The (1952)"
2934,Thelma & Louise (1991)
2935,Something for Everyone (1970)
2936,...And Justice for All (1979)
2937,Animal House (1978)
2938,She's Gotta Have It (1986)
2939,School Daze (1988)
2940,Do the Right Thing (1989)
2941,Mo' Better Blues (1990)
2942,Jungle Fever (1991)
2943,Coogan's Bluff (1968)
2944,"Champ, The (1979)"
2945,Creature Comforts (1990)
2946,Death Wish (1974)
2947,Death Wish II (1982)
2948,Death Wish 3 (1985)
2949,Death Wish 4: The Crackdown (1987)
2950,Death Wish V: The Face of Death (1994)
2951,Double Indemnity (1944)
2952,Dying Young (1991)
2953,Cool as Ice (1991)
2954,Teenage Mutant Ninja Turtles (1990)
2955,Teenage Mutant Ninja Turtles II: The Secret of the Ooze (1991)
2956,Teenage Mutant Ninja Turtles III (1993)
2957,Red Dawn (1984)
2958,Band of the Hand (1986)
2959,Born American (1986)
2960,Bloodsport (1988)
2961,Eyes of Laura Mars (1978)
2962,Funny Bones (1995)
2963,"Good Earth, The (1937)"
2964,"Good Morning, Vietnam (1987)"
2965,"Good Mother, The (1988)"
2966,Grumpy Old Men (1993)
2967,Guess Who's Coming to Dinner (1967)
2968,Romeo Must Die (2000)
2969,Here on Earth (2000)
2970,Whatever It Takes (2000)
2971,"Color of Paradise, The (Rang-e Khoda) (1999)"
2972,Waking the Dead (1999)
2973,Gothic (1986)
2974,Lord of the Flies (1963)
2975,Modern Times (1936)
2976,Last Resort (1994)
2977,Solar Crisis (1993)
2978,That's Life! (1986)
2979,Heart and Souls (1993)
2980,Hud (1963)
2981,"Hustler, The (1961)"
2982,Inherit the Wind (1960)
2983,Dersu Uzala (1974)
2984,Close Encounters of the Third Kind (1977)
2985,Jonah Who Will Be 25 in the Year 2000 (1976)
2986,Retroactive (1997)
2987,"Place in the Sun, A (1951)"
2988,Jacob's Ladder (1990)
2989,Empire Records (1995)
2990,"Bamba, La (1987)"
2991,Ladyhawke (1985)
2992,Lucas (1986)
2993,High Fidelity (2000)
2994,"Road to El Dorado, The (2000)"
2995,"Skulls, The (2000)"
2996,Devil Girl From Mars (1954)
2997,"Dorado, El (1967)"
2998,"Hideous Sun Demon, The (1959)"
2999,Hook (1991)
3000,Horror Express (1972)
3001,My Chauffeur (1986)
3002,"Son of the Sheik, The (1926)"
3003,True Grit (1969)
3004,Roadside Prophets (1992)
3005,Madame Sousatzka (1988)
3006,Max Dugan Returns (1983)
3007,Midnight Express (1978)
3008,Misery (1990)
3009,Mr. Saturday Night (1992)
3010,Murphy's Romance (1985)
3011,My Life (1993)
3012,Solaris (Solyaris) (1972)
3013,Network (1976)
3014,No Way Out (1987)
3015,North Dallas Forty (1979)
3016,"Odd Couple, The (1968)"
3017,"Outlaw Josey Wales, The (1976)"
3018,Black and White (1999)
3019,Frequency (2000)
3020,Ready to Rumble (2000)
3021,Return to Me (2000)
3022,Rules of Engagement (2000)
3023,Joe Gould's Secret (2000)
3024,Me Myself I (2000)
3025,"Bell, Book and Candle (1958)"
3026,"End of Violence, The (1997)"
3027,Force 10 from Navarone (1978)
3028,How to Stuff a Wild Bikini (1965)
3029,Mystery Train (1989)
3030,Taffin (1988)
3031,Arthur (1981)
3032,Bachelor Party (1984)
3033,Parenthood (1989)
3034,Predator (1987)
3035,"Prince of Tides, The (1991)"
3036,"Postman Always Rings Twice, The (1981)"
3037,All the Vermeers in New York (1990)
3038,Freedom for Us (À nous la liberté ) (1931)
3039,"Actor's Revenge, An (Yukinojo Henge) (1963)"
3040,28 Days (2000)
3041,American Psycho (2000)
3042,Keeping the Faith (2000)
3043,Where the Money Is (2000)
3044,East is East (1999)
3045,"Filth and the Fury, The (2000)"
3046,Passion of Mind (1999)
3047,Diner (1982)
3048,Shakes the Clown (1991)
3049,Cabaret (1972)
3050,What Ever Happened to Baby Jane? (1962)
3051,Prick Up Your Ears (1987)
3052,Auntie Mame (1958)
3053,Guys and Dolls (1955)
3054,"Hunger, The (1983)"
3055,Marathon Man (1976)
3056,Caddyshack (1980)
3057,Gossip (2000)
3058,Love and Basketball (2000)
3059,U-571 (2000)
3060,"Virgin Suicides, The (1999)"
3061,Jennifer 8 (1992)
3062,Limelight (1952)
3063,Committed (2000)
3064,"Crow: Salvation, The (2000)"
3065,"Flintstones in Viva Rock Vegas, The (2000)"
3066,Where the Heart Is (2000)
3067,"Big Kahuna, The (2000)"
3068,Bossa Nova (1999)
3069,Smiling Fish and Goat on Fire (1999)
3070,"Idiots, The (Idioterne) (1998)"
3071,"Last September, The (1999)"
3072,Time Code (2000)
3073,Carnosaur (1993)
3074,Carnosaur 2 (1995)
3075,Carnosaur 3: Primal Species (1996)
3076,"Hidden, The (1987)"
3077,Two Moon Juction (1988)
3078,Gladiator (2000)
3079,I Dreamed of Africa (2000)
3080,Up at the Villa (2000)
3081,Human Traffic (1999)
3082,Breathless (1983)
3083,"Great Locomotive Chase, The (1956)"
3084,"Idolmaker, The (1980)"
3085,Inferno (1980)
3086,"King of Marvin Gardens, The (1972)"
3087,"Lords of Flatbush, The (1974)"
3088,Mr. Mom (1983)
3089,Time Masters (Les Maîtres du Temps) (1982)
3090,Battlefield Earth (2000)
3091,Center Stage (2000)
3092,Screwed (2000)
3093,Whipped (2000)
3094,Hamlet (2000)
3095,Anchors Aweigh (1945)
3096,Blue Hawaii (1961)
3097,G. I. Blues (1960)
3098,Gypsy (1962)
3099,King Creole (1958)
3100,On the Town (1949)
3101,Pee-wee's Big Adventure (1985)
3102,Roustabout (1964)
3103,Saludos Amigos (1943)
3104,"Slipper and the Rose, The (1976)"
3105,Things Change (1988)
3106,Honeymoon in Vegas (1992)
3107,Dinosaur (2000)
3108,Loser (2000)
3109,Road Trip (2000)
3110,Small Time Crooks (2000)
3111,"Hollywood Knights, The (1980)"
3112,"Myth of Fingerprints, The (1997)"
3113,"Twelve Chairs, The (1970)"
3114,Mission: Impossible 2 (2000)
3115,Shanghai Noon (2000)
3116,Better Living Through Circuitry (1999)
3117,8 1/2 Women (1999)
3118,Carnival of Souls (1962)
3119,Flying Tigers (1942)
3120,"Gold Rush, The (1925)"
3121,Monsieur Verdoux (1947)
3122,On Her Majesty's Secret Service (1969)
3123,Seven Days in May (1964)
3124,"Spy Who Loved Me, The (1977)"
3125,Those Who Love Me Can Take the Train (Ceux qui m'aiment prendront le train) (1998)
3126,Vagabond (Sans toit ni loi) (1985)
3127,Moonraker (1979)
3128,"Man with the Golden Gun, The (1974)"
3129,"King in New York, A (1957)"
3130,"Woman of Paris, A (1923)"
3131,In Old California (1942)
3132,"Fighting Seabees, The (1944)"
3133,Dark Command (1940)
3134,Cleo From 5 to 7 (Cléo de 5 à 7) (1962)
3135,Big Momma's House (2000)
3136,"Abominable Snowman, The (1957)"
3137,American Gigolo (1980)
3138,City of the Living Dead (Paura nella città dei morti viventi) (1980)
3139,"Endless Summer, The (1966)"
3140,"Guns of Navarone, The (1961)"
3141,Blow-Out (La Grande Bouffe) (1973)
3142,Pandora and the Flying Dutchman (1951)
3143,Quatermass and the Pit (1967)
3144,Quatermass II (1957)
3145,Puppet Master (1989)
3146,Puppet Master II (1990)
3147,Puppet Master III: Toulon's Revenge (1991)
3148,Puppet Master 4 (1993)
3149,Puppet Master 5: The Final Chapter (1994)
3150,Curse of the Puppet Master (1998)
3151,Retro Puppetmaster (1999)
3152,Rent-A-Cop (1988)
3153,Romeo and Juliet (1968)
3154,Stay Tuned (1992)
3155,"Story of G.I. Joe, The (1945)"
3156,Blazing Saddles (1974)
3157,Benji (1974)
3158,Benji the Hunted (1987)
3159,For the Love of Benji (1977)
3160,White Christmas (1954)
3161,Eraserhead (1977)
3162,Baraka (1992)
3163,"Man with the Golden Arm, The (1955)"
3164,"Decline of Western Civilization, The (1981)"
3165,"Decline of Western Civilization Part II: The Metal Years, The (1988)"
3166,For a Few Dollars More (1965)
3167,Magnum Force (1973)
3168,Blood Simple (1984)
3169,"Fabulous Baker Boys, The (1989)"
3170,Prizzi's Honor (1985)
3171,Flatliners (1990)
3172,Porky's (1981)
3173,Porky's II: The Next Day (1983)
3174,Porky's Revenge (1985)
3175,Private School (1983)
3176,Class of Nuke 'Em High (1986)
3177,"Toxic Avenger, The (1985)"
3178,"Toxic Avenger, Part II, The (1989)"
3179,"Toxic Avenger Part III: The Last Temptation of Toxie, The (1989)"
3180,Night of the Creeps (1986)
3181,Predator 2 (1990)
3182,"Running Man, The (1987)"
3183,Starman (1984)
3184,"Brother from Another Planet, The (1984)"
3185,Alien Nation (1988)
3186,Mad Max (1979)
3187,Mad Max 2 (a.k.a. The Road Warrior) (1981)
3188,Mad Max Beyond Thunderdome (1985)
3189,Bird on a Wire (1990)
3190,Angel Heart (1987)
3191,Nine 1/2 Weeks (1986)
3192,Firestarter (1984)
3193,Sleepwalkers (1992)
3194,Action Jackson (1988)
3195,Sarafina! (1992)
3196,Soapdish (1991)
3197,"Long Walk Home, The (1990)"
3198,Clara's Heart (1988)
3199,Burglar (1987)
3200,Fatal Beauty (1987)
3201,Gone in 60 Seconds (2000)
3202,American Pimp (1999)
3203,Love's Labour's Lost (2000)
3204,Sunshine (1999)
3205,Trixie (1999)
3206,Hamlet (1990)
3207,Coming Home (1978)
3208,American Pop (1981)
3209,Assault on Precinct 13 (1976)
3210,Near Dark (1987)
3211,One False Move (1991)
3212,Shaft (1971)
3213,"Conversation, The (1974)"
3214,Cutter's Way (1981)
3215,"Fury, The (1978)"
3216,"Paper Chase, The (1973)"
3217,Prince of the City (1981)
3218,Serpico (1973)
3219,"Big Carnival, The (1951)"
3220,Lonely Are the Brave (1962)
3221,"Sugarland Express, The (1974)"
3222,Trouble in Paradise (1932)
3223,Big Trouble in Little China (1986)
3224,Badlands (1973)
3225,"Battleship Potemkin, The (Bronenosets Potyomkin) (1925)"
3226,Boys and Girls (2000)
3227,Shaft (2000)
3228,Titan A.E. (2000)
3229,Butterfly (La Lengua de las Mariposas) (2000)
3230,Jesus' Son (1999)
3231,Time Regained (Le Temps Retrouvé) (1999)
3232,Chicken Run (2000)
3233,"Me, Myself and Irene (2000)"
3234,"Patriot, The (2000)"
3235,"Adventures of Rocky and Bullwinkle, The (2000)"
3236,"Perfect Storm, The (2000)"
3237,"Golden Bowl, The (2000)"
3238,Asylum (1972)
3239,Communion (1989)
3240,Fun and Fancy Free (1947)
3241,"Kentucky Fried Movie, The (1977)"
3242,"Blood In, Blood Out (a.k.a. Bound by Honor) (1993)"
3243,F/X (1986)
3244,F/X 2 (1992)
3245,"Hot Spot, The (1990)"
3246,Missing in Action (1984)
3247,Missing in Action 2: The Beginning (1985)
3248,Braddock: Missing in Action III (1988)
3249,Thunderbolt and Lightfoot (1974)
3250,Dreamscape (1984)
3251,"Golden Voyage of Sinbad, The (1974)"
3252,House Party (1990)
3253,House Party 2 (1991)
3254,Make Mine Music (1946)
3255,Melody Time (1948)
3256,Nekromantik (1987)
3257,On Our Merry Way (1948)
3258,Rocketship X-M (1950)
3259,Shaft in Africa (1973)
3260,Shaft's Big Score! (1972)
3261,Croupier (1998)
3262,"Kid, The (2000)"
3263,Scary Movie (2000)
3264,But I'm a Cheerleader (1999)
3265,Shower (Xizhao) (1999)
3266,Blowup (1966)
3267,"Pawnbroker, The (1965)"
3268,Groove (2000)
3269,Footloose (1984)
3270,Duel in the Sun (1946)
3271,X-Men (2000)
3272,Chuck & Buck (2000)
3273,"Five Senses, The (1999)"
3274,"Wisdom of Crocodiles, The (a.k.a. Immortality) (2000)"
3275,"In Crowd, The (2000)"
3276,What Lies Beneath (2000)
3277,Pokémon the Movie 2000 (2000)
3278,Anatomy of a Murder (1959)
3279,Freejack (1992)
3280,Greaser's Palace (1972)
3281,H.O.T.S. (1979)
3282,Knightriders (1981)
3283,MacKenna's Gold (1969)
3284,Sinbad and the Eye of the Tiger (1977)
3285,Two Women (La Ciociara) (1961)
3286,What About Bob? (1991)
3287,White Sands (1992)
3288,Breaker Morant (1980)
3289,Everything You Always Wanted to Know About Sex (1972)
3290,Interiors (1978)
3291,Love and Death (1975)
3292,"Official Story, The (La Historia Oficial) (1985)"
3293,"Other Side of Sunday, The (Søndagsengler) (1996)"
3294,Pot O' Gold (1941)
3295,Tampopo (1986)
3296,Thomas and the Magic Railroad (2000)
3297,Nutty Professor II: The Klumps (2000)
3298,"Girl on the Bridge, The (La Fille sur le Pont) (1999)"
3299,Wonderland (1999)
3300,Autumn in New York (2000)
3301,Coyote Ugly (2000)
3302,Hollow Man (2000)
3303,Space Cowboys (2000)
3304,Psycho Beach Party (2000)
3305,Saving Grace (2000)
3306,"Black Sabbath (Tre Volti Della Paura, I) (1963)"
3307,"Brain That Wouldn't Die, The (1962)"
3308,Bronco Billy (1980)
3309,"Crush, The (1993)"
3310,Kelly's Heroes (1970)
3311,Phantasm II (1988)
3312,Phantasm III: Lord of the Dead (1994)
3313,Phantasm IV: Oblivion (1998)
3314,Pumpkinhead (1988)
3315,Air America (1990)
3316,Sleepaway Camp (1983)
3317,Steel Magnolias (1989)
3318,And God Created Woman (Et Dieu&#8230;Créa la Femme) (1956)
3319,Easy Money (1983)
3320,"Ilsa, She Wolf of the SS (1974)"
3321,Silent Fall (1994)
3322,"Spiral Staircase, The (1946)"
3323,Whatever Happened to Aunt Alice? (1969)
3324,I'm the One That I Want (2000)
3325,"Tao of Steve, The (2000)"
3326,"Tic Code, The (1998)"
3327,Aimée & Jaguar (1999)
3328,"Affair of Love, An (Une Liaison Pornographique) (1999)"
3329,Bless the Child (2000)
3330,Cecil B. Demented (2000)
3331,"Eyes of Tammy Faye, The (2000)"
3332,"Opportunists, The (1999)"
3333,"Replacements, The (2000)"
3334,About Adam (2000)
3335,"Cell, The (2000)"
3336,Godzilla 2000 (Gojira ni-sen mireniamu) (1999)
3337,"Original Kings of Comedy, The (2000)"
3338,Sunset Strip (2000)
3339,All the Rage (a.k.a. It's the Rage) (1999)
3340,"Naked Gun: From the Files of Police Squad!, The (1988)"
3341,"Naked Gun 2 1/2: The Smell of Fear, The (1991)"
3342,Our Town (1940)
3343,Shane (1953)
3344,"Suddenly, Last Summer (1959)"
3345,Cat Ballou (1965)
3346,"Couch in New York, A (1996)"
3347,"Devil Rides Out, The (1968)"
3348,Supergirl (1984)
3349,X: The Unknown (1956)
3350,"Art of War, The (2000)"
3351,"Ballad of Ramblin' Jack, The (2000)"
3352,Bring It On (2000)
3353,Catfish in Black Bean Sauce (2000)
3354,"Crew, The (2000)"
3355,Love & Sex (2000)
3356,Steal This Movie! (2000)
3357,Highlander: Endgame (2000)
3358,Turn It Up (2000)
3359,Anatomy (Anatomie) (2000)
3360,Nurse Betty (2000)
3361,Solas (1999)
3362,"Watcher, The (2000)"
3363,"Way of the Gun, The (2000)"
3364,Almost Famous (2000)
3365,Bait (2000)
3366,Crime and Punishment in Suburbia (2000)
3367,Duets (2000)
3368,Goya in Bordeaux (Goya en Bodeos) (1999)
3369,Urbania (2000)
3370,"Specials, The (2000)"
3371,Under Suspicion (2000)
3372,Urban Legends: Final Cut (2000)
3373,Woman on Top (2000)
3374,Dancer in the Dark (2000)
3375,Best in Show (2000)
3376,Beautiful (2000)
3377,Barenaked in America (1999)
3378,"Broken Hearts Club, The (2000)"
3379,Girlfight (2000)
3380,Remember the Titans (2000)
3381,Hellraiser (1987)
3382,Hellbound: Hellraiser II (1988)
3383,Hellraiser III: Hell on Earth (1992)
3384,"Faraway, So Close (In Weiter Ferne, So Nah!) (1993)"
3385,Beach Party (1963)
3386,Bikini Beach (1964)
3387,Return of the Fly (1959)
3388,Pajama Party (1964)
3389,Stranger Than Paradise (1984)
3390,Voyage to the Bottom of the Sea (1961)
3391,Fantastic Voyage (1966)
3392,Abbott and Costello Meet Frankenstein (1948)
3393,"Bank Dick, The (1940)"
3394,"Creature From the Black Lagoon, The (1954)"
3395,"Giant Gila Monster, The (1959)"
3396,"Invisible Man, The (1933)"
3397,"Killer Shrews, The (1959)"
3398,Kronos (1957)
3399,Kronos (1973)
3400,"Phantom of the Opera, The (1943)"
3401,Runaway (1984)
3402,"Slumber Party Massacre, The (1982)"
3403,"Slumber Party Massacre II, The (1987)"
3404,"Slumber Party Massacre III, The (1990)"
3405,Sorority House Massacre (1986)
3406,Sorority House Massacre II (1990)
3407,Bamboozled (2000)
3408,Bootmen (2000)
3409,Digimon: The Movie (2000)
3410,Get Carter (2000)
3411,Get Carter (1971)
3412,Meet the Parents (2000)
3413,Requiem for a Dream (2000)
3414,Tigerland (2000)
3415,Two Family House (2000)
3416,"Contender, The (2000)"
